"Time","y","ymin","ymax","Concentration","Legend","ResidualsLegend","Path"
0,0,0,0,0,"Simulated median and [5<U+1D57><U+02B0>-95<U+1D57><U+02B0>] percentiles for Raltegravir (Filmcoated_tablet_400mg_sd)","Raltegravir (Filmcoated_tablet_400mg_sd)","Organism|PeripheralVenousBlood|Raltegravir|Plasma (Peripheral Venous Blood)"
0.05,12.6426173199364,3.01848039620582,42.4451851105968,12.6426173199364,"Simulated median and [5<U+1D57><U+02B0>-95<U+1D57><U+02B0>] percentiles for Raltegravir (Filmcoated_tablet_400mg_sd)","Raltegravir (Filmcoated_tablet_400mg_sd)","Organism|PeripheralVenousBlood|Raltegravir|Plasma (Peripheral Venous Blood)"
0.1,131.380085788004,44.1011653262021,445.775252821648,131.380085788004,"Simulated median and [5<U+1D57><U+02B0>-95<U+1D57><U+02B0>] percentiles for Raltegravir (Filmcoated_tablet_400mg_sd)","Raltegravir (Filmcoated_tablet_400mg_sd)","Organism|PeripheralVenousBlood|Raltegravir|Plasma (Peripheral Venous Blood)"
0.15,391.045561640927,148.24379311289,1135.8718976947,391.045561640927,"Simulated median and [5<U+1D57><U+02B0>-95<U+1D57><U+02B0>] percentiles for Raltegravir (Filmcoated_tablet_400mg_sd)","Raltegravir (Filmcoated_tablet_400mg_sd)","Organism|PeripheralVenousBlood|Raltegravir|Plasma (Peripheral Venous Blood)"
0.2,777.716737272316,312.353806762816,2101.09240079789,777.716737272316,"Simulated median and [5<U+1D57><U+02B0>-95<U+1D57><U+02B0>] percentiles for Raltegravir (Filmcoated_tablet_400mg_sd)","Raltegravir (Filmcoated_tablet_400mg_sd)","Organism|PeripheralVenousBlood|Raltegravir|Plasma (Peripheral Venous Blood)"
0.25,1211.68749469867,529.689413434579,3016.51349472282,1211.68749469867,"Simulated median and [5<U+1D57><U+02B0>-95<U+1D57><U+02B0>] percentiles for Raltegravir (Filmcoated_tablet_400mg_sd)","Raltegravir (Filmcoated_tablet_400mg_sd)","Organism|PeripheralVenousBlood|Raltegravir|Plasma (Peripheral Venous Blood)"
0.3,1665.66165515454,784.354904729437,3866.28887621886,1665.66165515454,"Simulated median and [5<U+1D57><U+02B0>-95<U+1D57><U+02B0>] percentiles for Raltegravir (Filmcoated_tablet_400mg_sd)","Raltegravir (Filmcoated_tablet_400mg_sd)","Organism|PeripheralVenousBlood|Raltegravir|Plasma (Peripheral Venous Blood)"
0.35,2154.7143978837,1055.72196116819,4537.95273079255,2154.7143978837,"Simulated median and [5<U+1D57><U+02B0>-95<U+1D57><U+02B0>] percentiles for Raltegravir (Filmcoated_tablet_400mg_sd)","Raltegravir (Filmcoated_tablet_400mg_sd)","Organism|PeripheralVenousBlood|Raltegravir|Plasma (Peripheral Venous Blood)"
0.4,2630.90384237881,1298.09056381545,5023.31558099181,2630.90384237881,"Simulated median and [5<U+1D57><U+02B0>-95<U+1D57><U+02B0>] percentiles for Raltegravir (Filmcoated_tablet_400mg_sd)","Raltegravir (Filmcoated_tablet_400mg_sd)","Organism|PeripheralVenousBlood|Raltegravir|Plasma (Peripheral Venous Blood)"
0.45,3040.63370734289,1518.86262952083,5229.55858095684,3040.63370734289,"Simulated median and [5<U+1D57><U+02B0>-95<U+1D57><U+02B0>] percentiles for Raltegravir (Filmcoated_tablet_400mg_sd)","Raltegravir (Filmcoated_tablet_400mg_sd)","Organism|PeripheralVenousBlood|Raltegravir|Plasma (Peripheral Venous Blood)"
0.5,3258.14149430666,1719.0431349149,5202.66124326874,3258.14149430666,"Simulated median and [5<U+1D57><U+02B0>-95<U+1D57><U+02B0>] percentiles for Raltegravir (Filmcoated_tablet_400mg_sd)","Raltegravir (Filmcoated_tablet_400mg_sd)","Organism|PeripheralVenousBlood|Raltegravir|Plasma (Peripheral Venous Blood)"
0.55,3502.17553599319,1894.95968098543,5211.35661290801,3502.17553599319,"Simulated median and [5<U+1D57><U+02B0>-95<U+1D57><U+02B0>] percentiles for Raltegravir (Filmcoated_tablet_400mg_sd)","Raltegravir (Filmcoated_tablet_400mg_sd)","Organism|PeripheralVenousBlood|Raltegravir|Plasma (Peripheral Venous Blood)"
0.6,3672.63889911013,2056.29725552019,5177.30986209297,3672.63889911013,"Simulated median and [5<U+1D57><U+02B0>-95<U+1D57><U+02B0>] percentiles for Raltegravir (Filmcoated_tablet_400mg_sd)","Raltegravir (Filmcoated_tablet_400mg_sd)","Organism|PeripheralVenousBlood|Raltegravir|Plasma (Peripheral Venous Blood)"
0.65,3780.19870902228,2198.83533811644,5145.94685635129,3780.19870902228,"Simulated median and [5<U+1D57><U+02B0>-95<U+1D57><U+02B0>] percentiles for Raltegravir (Filmcoated_tablet_400mg_sd)","Raltegravir (Filmcoated_tablet_400mg_sd)","Organism|PeripheralVenousBlood|Raltegravir|Plasma (Peripheral Venous Blood)"
0.7,3814.9002959239,2309.27711764983,5091.35676100455,3814.9002959239,"Simulated median and [5<U+1D57><U+02B0>-95<U+1D57><U+02B0>] percentiles for Raltegravir (Filmcoated_tablet_400mg_sd)","Raltegravir (Filmcoated_tablet_400mg_sd)","Organism|PeripheralVenousBlood|Raltegravir|Plasma (Peripheral Venous Blood)"
0.75,3841.3096799623,2397.49344126212,5104.9993525381,3841.3096799623,"Simulated median and [5<U+1D57><U+02B0>-95<U+1D57><U+02B0>] percentiles for Raltegravir (Filmcoated_tablet_400mg_sd)","Raltegravir (Filmcoated_tablet_400mg_sd)","Organism|PeripheralVenousBlood|Raltegravir|Plasma (Peripheral Venous Blood)"
0.8,3801.06907955599,2396.05436367935,4923.45995440531,3801.06907955599,"Simulated median and [5<U+1D57><U+02B0>-95<U+1D57><U+02B0>] percentiles for Raltegravir (Filmcoated_tablet_400mg_sd)","Raltegravir (Filmcoated_tablet_400mg_sd)","Organism|PeripheralVenousBlood|Raltegravir|Plasma (Peripheral Venous Blood)"
0.85,3709.71074640083,2420.91824682096,4791.13597758097,3709.71074640083,"Simulated median and [5<U+1D57><U+02B0>-95<U+1D57><U+02B0>] percentiles for Raltegravir (Filmcoated_tablet_400mg_sd)","Raltegravir (Filmcoated_tablet_400mg_sd)","Organism|PeripheralVenousBlood|Raltegravir|Plasma (Peripheral Venous Blood)"
0.9,3592.00617964053,2411.1798778448,4636.33885951208,3592.00617964053,"Simulated median and [5<U+1D57><U+02B0>-95<U+1D57><U+02B0>] percentiles for Raltegravir (Filmcoated_tablet_400mg_sd)","Raltegravir (Filmcoated_tablet_400mg_sd)","Organism|PeripheralVenousBlood|Raltegravir|Plasma (Peripheral Venous Blood)"
0.95,3517.63160453217,2398.81559518198,4541.95129755425,3517.63160453217,"Simulated median and [5<U+1D57><U+02B0>-95<U+1D57><U+02B0>] percentiles for Raltegravir (Filmcoated_tablet_400mg_sd)","Raltegravir (Filmcoated_tablet_400mg_sd)","Organism|PeripheralVenousBlood|Raltegravir|Plasma (Peripheral Venous Blood)"
1,3437.28655859661,2321.8023809389,4437.40738704123,3437.28655859661,"Simulated median and [5<U+1D57><U+02B0>-95<U+1D57><U+02B0>] percentiles for Raltegravir (Filmcoated_tablet_400mg_sd)","Raltegravir (Filmcoated_tablet_400mg_sd)","Organism|PeripheralVenousBlood|Raltegravir|Plasma (Peripheral Venous Blood)"
1.05,3317.6231628773,2259.17038519283,4328.71260702699,3317.6231628773,"Simulated median and [5<U+1D57><U+02B0>-95<U+1D57><U+02B0>] percentiles for Raltegravir (Filmcoated_tablet_400mg_sd)","Raltegravir (Filmcoated_tablet_400mg_sd)","Organism|PeripheralVenousBlood|Raltegravir|Plasma (Peripheral Venous Blood)"
1.1,3180.89368044233,2194.51248964169,4218.10784427811,3180.89368044233,"Simulated median and [5<U+1D57><U+02B0>-95<U+1D57><U+02B0>] percentiles for Raltegravir (Filmcoated_tablet_400mg_sd)","Raltegravir (Filmcoated_tablet_400mg_sd)","Organism|PeripheralVenousBlood|Raltegravir|Plasma (Peripheral Venous Blood)"
1.15,3082.32856898479,2126.55772824198,4109.73112629497,3082.32856898479,"Simulated median and [5<U+1D57><U+02B0>-95<U+1D57><U+02B0>] percentiles for Raltegravir (Filmcoated_tablet_400mg_sd)","Raltegravir (Filmcoated_tablet_400mg_sd)","Organism|PeripheralVenousBlood|Raltegravir|Plasma (Peripheral Venous Blood)"
1.2,2970.70032419736,2054.70746455443,4005.30709564804,2970.70032419736,"Simulated median and [5<U+1D57><U+02B0>-95<U+1D57><U+02B0>] percentiles for Raltegravir (Filmcoated_tablet_400mg_sd)","Raltegravir (Filmcoated_tablet_400mg_sd)","Organism|PeripheralVenousBlood|Raltegravir|Plasma (Peripheral Venous Blood)"
1.25,2859.62379804409,1983.69224879386,3902.64725076231,2859.62379804409,"Simulated median and [5<U+1D57><U+02B0>-95<U+1D57><U+02B0>] percentiles for Raltegravir (Filmcoated_tablet_400mg_sd)","Raltegravir (Filmcoated_tablet_400mg_sd)","Organism|PeripheralVenousBlood|Raltegravir|Plasma (Peripheral Venous Blood)"
1.3,2753.01633057168,1917.61373338726,3838.58654003813,2753.01633057168,"Simulated median and [5<U+1D57><U+02B0>-95<U+1D57><U+02B0>] percentiles for Raltegravir (Filmcoated_tablet_400mg_sd)","Raltegravir (Filmcoated_tablet_400mg_sd)","Organism|PeripheralVenousBlood|Raltegravir|Plasma (Peripheral Venous Blood)"
1.35,2684.09229478719,1849.57014285043,3769.59445860224,2684.09229478719,"Simulated median and [5<U+1D57><U+02B0>-95<U+1D57><U+02B0>] percentiles for Raltegravir (Filmcoated_tablet_400mg_sd)","Raltegravir (Filmcoated_tablet_400mg_sd)","Organism|PeripheralVenousBlood|Raltegravir|Plasma (Peripheral Venous Blood)"
1.4,2613.90599203734,1783.37129726006,3696.87999818875,2613.90599203734,"Simulated median and [5<U+1D57><U+02B0>-95<U+1D57><U+02B0>] percentiles for Raltegravir (Filmcoated_tablet_400mg_sd)","Raltegravir (Filmcoated_tablet_400mg_sd)","Organism|PeripheralVenousBlood|Raltegravir|Plasma (Peripheral Venous Blood)"
1.45,2497.26820138779,1719.3697847692,3620.0228905452,2497.26820138779,"Simulated median and [5<U+1D57><U+02B0>-95<U+1D57><U+02B0>] percentiles for Raltegravir (Filmcoated_tablet_400mg_sd)","Raltegravir (Filmcoated_tablet_400mg_sd)","Organism|PeripheralVenousBlood|Raltegravir|Plasma (Peripheral Venous Blood)"
1.5,2396.2922479708,1657.79288866114,3541.08798530764,2396.2922479708,"Simulated median and [5<U+1D57><U+02B0>-95<U+1D57><U+02B0>] percentiles for Raltegravir (Filmcoated_tablet_400mg_sd)","Raltegravir (Filmcoated_tablet_400mg_sd)","Organism|PeripheralVenousBlood|Raltegravir|Plasma (Peripheral Venous Blood)"
1.55,2318.12430262597,1598.77217057257,3461.33114963242,2318.12430262597,"Simulated median and [5<U+1D57><U+02B0>-95<U+1D57><U+02B0>] percentiles for Raltegravir (Filmcoated_tablet_400mg_sd)","Raltegravir (Filmcoated_tablet_400mg_sd)","Organism|PeripheralVenousBlood|Raltegravir|Plasma (Peripheral Venous Blood)"
1.6,2242.27173189099,1542.36378247008,3381.31938116794,2242.27173189099,"Simulated median and [5<U+1D57><U+02B0>-95<U+1D57><U+02B0>] percentiles for Raltegravir (Filmcoated_tablet_400mg_sd)","Raltegravir (Filmcoated_tablet_400mg_sd)","Organism|PeripheralVenousBlood|Raltegravir|Plasma (Peripheral Venous Blood)"
1.65,2173.14277506974,1488.56654822984,3301.52230298509,2173.14277506974,"Simulated median and [5<U+1D57><U+02B0>-95<U+1D57><U+02B0>] percentiles for Raltegravir (Filmcoated_tablet_400mg_sd)","Raltegravir (Filmcoated_tablet_400mg_sd)","Organism|PeripheralVenousBlood|Raltegravir|Plasma (Peripheral Venous Blood)"
1.7,2103.63894201887,1433.00388853029,3212.44408191598,2103.63894201887,"Simulated median and [5<U+1D57><U+02B0>-95<U+1D57><U+02B0>] percentiles for Raltegravir (Filmcoated_tablet_400mg_sd)","Raltegravir (Filmcoated_tablet_400mg_sd)","Organism|PeripheralVenousBlood|Raltegravir|Plasma (Peripheral Venous Blood)"
1.75,2024.54715669494,1370.41971652255,3119.57379388277,2024.54715669494,"Simulated median and [5<U+1D57><U+02B0>-95<U+1D57><U+02B0>] percentiles for Raltegravir (Filmcoated_tablet_400mg_sd)","Raltegravir (Filmcoated_tablet_400mg_sd)","Organism|PeripheralVenousBlood|Raltegravir|Plasma (Peripheral Venous Blood)"
1.8,1961.8893180115,1311.38042415386,3030.15282277761,1961.8893180115,"Simulated median and [5<U+1D57><U+02B0>-95<U+1D57><U+02B0>] percentiles for Raltegravir (Filmcoated_tablet_400mg_sd)","Raltegravir (Filmcoated_tablet_400mg_sd)","Organism|PeripheralVenousBlood|Raltegravir|Plasma (Peripheral Venous Blood)"
1.85,1897.19869231131,1255.82442915607,2944.08958987656,1897.19869231131,"Simulated median and [5<U+1D57><U+02B0>-95<U+1D57><U+02B0>] percentiles for Raltegravir (Filmcoated_tablet_400mg_sd)","Raltegravir (Filmcoated_tablet_400mg_sd)","Organism|PeripheralVenousBlood|Raltegravir|Plasma (Peripheral Venous Blood)"
1.9,1834.03692164707,1203.43079806059,2861.27989696476,1834.03692164707,"Simulated median and [5<U+1D57><U+02B0>-95<U+1D57><U+02B0>] percentiles for Raltegravir (Filmcoated_tablet_400mg_sd)","Raltegravir (Filmcoated_tablet_400mg_sd)","Organism|PeripheralVenousBlood|Raltegravir|Plasma (Peripheral Venous Blood)"
1.95,1773.26284131533,1153.96017907011,2781.60957526396,1773.26284131533,"Simulated median and [5<U+1D57><U+02B0>-95<U+1D57><U+02B0>] percentiles for Raltegravir (Filmcoated_tablet_400mg_sd)","Raltegravir (Filmcoated_tablet_400mg_sd)","Organism|PeripheralVenousBlood|Raltegravir|Plasma (Peripheral Venous Blood)"
2,1719.03871120586,1118.10985294089,2704.9613302614,1719.03871120586,"Simulated median and [5<U+1D57><U+02B0>-95<U+1D57><U+02B0>] percentiles for Raltegravir (Filmcoated_tablet_400mg_sd)","Raltegravir (Filmcoated_tablet_400mg_sd)","Organism|PeripheralVenousBlood|Raltegravir|Plasma (Peripheral Venous Blood)"
2.25,1483.67005329852,944.22487008258,2420.84157626139,1483.67005329852,"Simulated median and [5<U+1D57><U+02B0>-95<U+1D57><U+02B0>] percentiles for Raltegravir (Filmcoated_tablet_400mg_sd)","Raltegravir (Filmcoated_tablet_400mg_sd)","Organism|PeripheralVenousBlood|Raltegravir|Plasma (Peripheral Venous Blood)"
2.5,1287.36158069402,814.530793580897,2142.61995617451,1287.36158069402,"Simulated median and [5<U+1D57><U+02B0>-95<U+1D57><U+02B0>] percentiles for Raltegravir (Filmcoated_tablet_400mg_sd)","Raltegravir (Filmcoated_tablet_400mg_sd)","Organism|PeripheralVenousBlood|Raltegravir|Plasma (Peripheral Venous Blood)"
2.75,1122.65025783691,710.39450004226,1925.92771043509,1122.65025783691,"Simulated median and [5<U+1D57><U+02B0>-95<U+1D57><U+02B0>] percentiles for Raltegravir (Filmcoated_tablet_400mg_sd)","Raltegravir (Filmcoated_tablet_400mg_sd)","Organism|PeripheralVenousBlood|Raltegravir|Plasma (Peripheral Venous Blood)"
3,991.398757615447,625.707909501168,1711.43751288625,991.398757615447,"Simulated median and [5<U+1D57><U+02B0>-95<U+1D57><U+02B0>] percentiles for Raltegravir (Filmcoated_tablet_400mg_sd)","Raltegravir (Filmcoated_tablet_400mg_sd)","Organism|PeripheralVenousBlood|Raltegravir|Plasma (Peripheral Venous Blood)"
3.25,869.954911719644,548.945837432023,1541.52042750625,869.954911719644,"Simulated median and [5<U+1D57><U+02B0>-95<U+1D57><U+02B0>] percentiles for Raltegravir (Filmcoated_tablet_400mg_sd)","Raltegravir (Filmcoated_tablet_400mg_sd)","Organism|PeripheralVenousBlood|Raltegravir|Plasma (Peripheral Venous Blood)"
3.5,773.864984672218,483.415679170486,1413.83415068755,773.864984672218,"Simulated median and [5<U+1D57><U+02B0>-95<U+1D57><U+02B0>] percentiles for Raltegravir (Filmcoated_tablet_400mg_sd)","Raltegravir (Filmcoated_tablet_400mg_sd)","Organism|PeripheralVenousBlood|Raltegravir|Plasma (Peripheral Venous Blood)"
3.75,694.961326184267,424.386744108588,1280.62547443788,694.961326184267,"Simulated median and [5<U+1D57><U+02B0>-95<U+1D57><U+02B0>] percentiles for Raltegravir (Filmcoated_tablet_400mg_sd)","Raltegravir (Filmcoated_tablet_400mg_sd)","Organism|PeripheralVenousBlood|Raltegravir|Plasma (Peripheral Venous Blood)"
4,625.197077064049,375.070223830524,1161.93394905235,625.197077064049,"Simulated median and [5<U+1D57><U+02B0>-95<U+1D57><U+02B0>] percentiles for Raltegravir (Filmcoated_tablet_400mg_sd)","Raltegravir (Filmcoated_tablet_400mg_sd)","Organism|PeripheralVenousBlood|Raltegravir|Plasma (Peripheral Venous Blood)"
4.25,561.271567603004,333.566838593506,1057.51654602219,561.271567603004,"Simulated median and [5<U+1D57><U+02B0>-95<U+1D57><U+02B0>] percentiles for Raltegravir (Filmcoated_tablet_400mg_sd)","Raltegravir (Filmcoated_tablet_400mg_sd)","Organism|PeripheralVenousBlood|Raltegravir|Plasma (Peripheral Venous Blood)"
4.5,506.183516256058,298.40465484166,965.275161074652,506.183516256058,"Simulated median and [5<U+1D57><U+02B0>-95<U+1D57><U+02B0>] percentiles for Raltegravir (Filmcoated_tablet_400mg_sd)","Raltegravir (Filmcoated_tablet_400mg_sd)","Organism|PeripheralVenousBlood|Raltegravir|Plasma (Peripheral Venous Blood)"
4.75,455.425163510555,268.426499162008,883.495540733194,455.425163510555,"Simulated median and [5<U+1D57><U+02B0>-95<U+1D57><U+02B0>] percentiles for Raltegravir (Filmcoated_tablet_400mg_sd)","Raltegravir (Filmcoated_tablet_400mg_sd)","Organism|PeripheralVenousBlood|Raltegravir|Plasma (Peripheral Venous Blood)"
5,410.27359708161,242.7136863885,810.762294125378,410.27359708161,"Simulated median and [5<U+1D57><U+02B0>-95<U+1D57><U+02B0>] percentiles for Raltegravir (Filmcoated_tablet_400mg_sd)","Raltegravir (Filmcoated_tablet_400mg_sd)","Organism|PeripheralVenousBlood|Raltegravir|Plasma (Peripheral Venous Blood)"
5.25,372.376423428109,220.530703372046,755.595884852002,372.376423428109,"Simulated median and [5<U+1D57><U+02B0>-95<U+1D57><U+02B0>] percentiles for Raltegravir (Filmcoated_tablet_400mg_sd)","Raltegravir (Filmcoated_tablet_400mg_sd)","Organism|PeripheralVenousBlood|Raltegravir|Plasma (Peripheral Venous Blood)"
5.5,341.855095879108,201.284609529891,694.315154739772,341.855095879108,"Simulated median and [5<U+1D57><U+02B0>-95<U+1D57><U+02B0>] percentiles for Raltegravir (Filmcoated_tablet_400mg_sd)","Raltegravir (Filmcoated_tablet_400mg_sd)","Organism|PeripheralVenousBlood|Raltegravir|Plasma (Peripheral Venous Blood)"
5.75,315.207109689894,184.494970193237,646.727507369494,315.207109689894,"Simulated median and [5<U+1D57><U+02B0>-95<U+1D57><U+02B0>] percentiles for Raltegravir (Filmcoated_tablet_400mg_sd)","Raltegravir (Filmcoated_tablet_400mg_sd)","Organism|PeripheralVenousBlood|Raltegravir|Plasma (Peripheral Venous Blood)"
6,293.422302869961,169.77068378887,603.700484159375,293.422302869961,"Simulated median and [5<U+1D57><U+02B0>-95<U+1D57><U+02B0>] percentiles for Raltegravir (Filmcoated_tablet_400mg_sd)","Raltegravir (Filmcoated_tablet_400mg_sd)","Organism|PeripheralVenousBlood|Raltegravir|Plasma (Peripheral Venous Blood)"
6.25,276.054887398654,156.791828076294,564.722815599247,276.054887398654,"Simulated median and [5<U+1D57><U+02B0>-95<U+1D57><U+02B0>] percentiles for Raltegravir (Filmcoated_tablet_400mg_sd)","Raltegravir (Filmcoated_tablet_400mg_sd)","Organism|PeripheralVenousBlood|Raltegravir|Plasma (Peripheral Venous Blood)"
6.5,260.134501590678,145.29591155141,528.575536742723,260.134501590678,"Simulated median and [5<U+1D57><U+02B0>-95<U+1D57><U+02B0>] percentiles for Raltegravir (Filmcoated_tablet_400mg_sd)","Raltegravir (Filmcoated_tablet_400mg_sd)","Organism|PeripheralVenousBlood|Raltegravir|Plasma (Peripheral Venous Blood)"
6.75,245.816134198117,135.066528089743,495.54933560341,245.816134198117,"Simulated median and [5<U+1D57><U+02B0>-95<U+1D57><U+02B0>] percentiles for Raltegravir (Filmcoated_tablet_400mg_sd)","Raltegravir (Filmcoated_tablet_400mg_sd)","Organism|PeripheralVenousBlood|Raltegravir|Plasma (Peripheral Venous Blood)"
7,229.142062273461,125.977642379771,465.461791135317,229.142062273461,"Simulated median and [5<U+1D57><U+02B0>-95<U+1D57><U+02B0>] percentiles for Raltegravir (Filmcoated_tablet_400mg_sd)","Raltegravir (Filmcoated_tablet_400mg_sd)","Organism|PeripheralVenousBlood|Raltegravir|Plasma (Peripheral Venous Blood)"
7.25,217.462006873055,117.945471160288,438.011903049805,217.462006873055,"Simulated median and [5<U+1D57><U+02B0>-95<U+1D57><U+02B0>] percentiles for Raltegravir (Filmcoated_tablet_400mg_sd)","Raltegravir (Filmcoated_tablet_400mg_sd)","Organism|PeripheralVenousBlood|Raltegravir|Plasma (Peripheral Venous Blood)"
7.5,208.694871163604,110.719821235668,412.932705804113,208.694871163604,"Simulated median and [5<U+1D57><U+02B0>-95<U+1D57><U+02B0>] percentiles for Raltegravir (Filmcoated_tablet_400mg_sd)","Raltegravir (Filmcoated_tablet_400mg_sd)","Organism|PeripheralVenousBlood|Raltegravir|Plasma (Peripheral Venous Blood)"
7.75,198.458256129672,104.197074506181,389.987778639281,198.458256129672,"Simulated median and [5<U+1D57><U+02B0>-95<U+1D57><U+02B0>] percentiles for Raltegravir (Filmcoated_tablet_400mg_sd)","Raltegravir (Filmcoated_tablet_400mg_sd)","Organism|PeripheralVenousBlood|Raltegravir|Plasma (Peripheral Venous Blood)"
8,188.143219595048,99.3441637046236,368.966678829022,188.143219595048,"Simulated median and [5<U+1D57><U+02B0>-95<U+1D57><U+02B0>] percentiles for Raltegravir (Filmcoated_tablet_400mg_sd)","Raltegravir (Filmcoated_tablet_400mg_sd)","Organism|PeripheralVenousBlood|Raltegravir|Plasma (Peripheral Venous Blood)"
8.25,179.388328553286,97.1237564592938,349.681733828438,179.388328553286,"Simulated median and [5<U+1D57><U+02B0>-95<U+1D57><U+02B0>] percentiles for Raltegravir (Filmcoated_tablet_400mg_sd)","Raltegravir (Filmcoated_tablet_400mg_sd)","Organism|PeripheralVenousBlood|Raltegravir|Plasma (Peripheral Venous Blood)"
8.5,171.574442541274,91.8826151908917,331.96514202279,171.574442541274,"Simulated median and [5<U+1D57><U+02B0>-95<U+1D57><U+02B0>] percentiles for Raltegravir (Filmcoated_tablet_400mg_sd)","Raltegravir (Filmcoated_tablet_400mg_sd)","Organism|PeripheralVenousBlood|Raltegravir|Plasma (Peripheral Venous Blood)"
8.75,163.537973767926,86.9415990716811,315.666616506429,163.537973767926,"Simulated median and [5<U+1D57><U+02B0>-95<U+1D57><U+02B0>] percentiles for Raltegravir (Filmcoated_tablet_400mg_sd)","Raltegravir (Filmcoated_tablet_400mg_sd)","Organism|PeripheralVenousBlood|Raltegravir|Plasma (Peripheral Venous Blood)"
9,155.621700083038,82.4003091027349,300.651395738189,155.621700083038,"Simulated median and [5<U+1D57><U+02B0>-95<U+1D57><U+02B0>] percentiles for Raltegravir (Filmcoated_tablet_400mg_sd)","Raltegravir (Filmcoated_tablet_400mg_sd)","Organism|PeripheralVenousBlood|Raltegravir|Plasma (Peripheral Venous Blood)"
9.25,149.655765544303,78.2148124891988,286.798154862001,149.655765544303,"Simulated median and [5<U+1D57><U+02B0>-95<U+1D57><U+02B0>] percentiles for Raltegravir (Filmcoated_tablet_400mg_sd)","Raltegravir (Filmcoated_tablet_400mg_sd)","Organism|PeripheralVenousBlood|Raltegravir|Plasma (Peripheral Venous Blood)"
9.5,143.066584704722,74.3474802216018,273.997969976211,143.066584704722,"Simulated median and [5<U+1D57><U+02B0>-95<U+1D57><U+02B0>] percentiles for Raltegravir (Filmcoated_tablet_400mg_sd)","Raltegravir (Filmcoated_tablet_400mg_sd)","Organism|PeripheralVenousBlood|Raltegravir|Plasma (Peripheral Venous Blood)"
9.75,136.725429575783,70.7659715432492,262.152724803651,136.725429575783,"Simulated median and [5<U+1D57><U+02B0>-95<U+1D57><U+02B0>] percentiles for Raltegravir (Filmcoated_tablet_400mg_sd)","Raltegravir (Filmcoated_tablet_400mg_sd)","Organism|PeripheralVenousBlood|Raltegravir|Plasma (Peripheral Venous Blood)"
10,131.672017473108,67.4424021869659,251.173882913704,131.672017473108,"Simulated median and [5<U+1D57><U+02B0>-95<U+1D57><U+02B0>] percentiles for Raltegravir (Filmcoated_tablet_400mg_sd)","Raltegravir (Filmcoated_tablet_400mg_sd)","Organism|PeripheralVenousBlood|Raltegravir|Plasma (Peripheral Venous Blood)"
10.25,126.782395184366,64.3524467197662,240.981675826009,126.782395184366,"Simulated median and [5<U+1D57><U+02B0>-95<U+1D57><U+02B0>] percentiles for Raltegravir (Filmcoated_tablet_400mg_sd)","Raltegravir (Filmcoated_tablet_400mg_sd)","Organism|PeripheralVenousBlood|Raltegravir|Plasma (Peripheral Venous Blood)"
10.5,121.925122923566,61.475055107604,231.504108338157,121.925122923566,"Simulated median and [5<U+1D57><U+02B0>-95<U+1D57><U+02B0>] percentiles for Raltegravir (Filmcoated_tablet_400mg_sd)","Raltegravir (Filmcoated_tablet_400mg_sd)","Organism|PeripheralVenousBlood|Raltegravir|Plasma (Peripheral Venous Blood)"
10.75,117.353676569822,58.7918216083795,222.676043321219,117.353676569822,"Simulated median and [5<U+1D57><U+02B0>-95<U+1D57><U+02B0>] percentiles for Raltegravir (Filmcoated_tablet_400mg_sd)","Raltegravir (Filmcoated_tablet_400mg_sd)","Organism|PeripheralVenousBlood|Raltegravir|Plasma (Peripheral Venous Blood)"
11,113.043950882253,56.2865299841866,214.43884875014,113.043950882253,"Simulated median and [5<U+1D57><U+02B0>-95<U+1D57><U+02B0>] percentiles for Raltegravir (Filmcoated_tablet_400mg_sd)","Raltegravir (Filmcoated_tablet_400mg_sd)","Organism|PeripheralVenousBlood|Raltegravir|Plasma (Peripheral Venous Blood)"
11.25,109.514152250098,53.944757983316,206.739284491937,109.514152250098,"Simulated median and [5<U+1D57><U+02B0>-95<U+1D57><U+02B0>] percentiles for Raltegravir (Filmcoated_tablet_400mg_sd)","Raltegravir (Filmcoated_tablet_400mg_sd)","Organism|PeripheralVenousBlood|Raltegravir|Plasma (Peripheral Venous Blood)"
11.5,105.948646074308,51.7536669160705,199.529477803109,105.948646074308,"Simulated median and [5<U+1D57><U+02B0>-95<U+1D57><U+02B0>] percentiles for Raltegravir (Filmcoated_tablet_400mg_sd)","Raltegravir (Filmcoated_tablet_400mg_sd)","Organism|PeripheralVenousBlood|Raltegravir|Plasma (Peripheral Venous Blood)"
11.75,102.15226268273,49.7017442121179,192.765952497695,102.15226268273,"Simulated median and [5<U+1D57><U+02B0>-95<U+1D57><U+02B0>] percentiles for Raltegravir (Filmcoated_tablet_400mg_sd)","Raltegravir (Filmcoated_tablet_400mg_sd)","Organism|PeripheralVenousBlood|Raltegravir|Plasma (Peripheral Venous Blood)"
12,98.552135023608,47.9692965765772,186.409598484594,98.552135023608,"Simulated median and [5<U+1D57><U+02B0>-95<U+1D57><U+02B0>] percentiles for Raltegravir (Filmcoated_tablet_400mg_sd)","Raltegravir (Filmcoated_tablet_400mg_sd)","Organism|PeripheralVenousBlood|Raltegravir|Plasma (Peripheral Venous Blood)"
12.25,95.1342635147385,46.4614385961232,180.424818812898,95.1342635147385,"Simulated median and [5<U+1D57><U+02B0>-95<U+1D57><U+02B0>] percentiles for Raltegravir (Filmcoated_tablet_400mg_sd)","Raltegravir (Filmcoated_tablet_400mg_sd)","Organism|PeripheralVenousBlood|Raltegravir|Plasma (Peripheral Venous Blood)"
12.5,92.0223067173794,45.0608476131277,174.779679336294,92.0223067173794,"Simulated median and [5<U+1D57><U+02B0>-95<U+1D57><U+02B0>] percentiles for Raltegravir (Filmcoated_tablet_400mg_sd)","Raltegravir (Filmcoated_tablet_400mg_sd)","Organism|PeripheralVenousBlood|Raltegravir|Plasma (Peripheral Venous Blood)"
12.75,89.5563736868024,43.7589826573174,169.445072976417,89.5563736868024,"Simulated median and [5<U+1D57><U+02B0>-95<U+1D57><U+02B0>] percentiles for Raltegravir (Filmcoated_tablet_400mg_sd)","Raltegravir (Filmcoated_tablet_400mg_sd)","Organism|PeripheralVenousBlood|Raltegravir|Plasma (Peripheral Venous Blood)"
13,87.3028051794633,42.5479971085577,164.394852831463,87.3028051794633,"Simulated median and [5<U+1D57><U+02B0>-95<U+1D57><U+02B0>] percentiles for Raltegravir (Filmcoated_tablet_400mg_sd)","Raltegravir (Filmcoated_tablet_400mg_sd)","Organism|PeripheralVenousBlood|Raltegravir|Plasma (Peripheral Venous Blood)"
13.25,84.4022096240252,41.4206332364244,162.640989278756,84.4022096240252,"Simulated median and [5<U+1D57><U+02B0>-95<U+1D57><U+02B0>] percentiles for Raltegravir (Filmcoated_tablet_400mg_sd)","Raltegravir (Filmcoated_tablet_400mg_sd)","Organism|PeripheralVenousBlood|Raltegravir|Plasma (Peripheral Venous Blood)"
13.5,82.2289930233441,40.370213591189,159.664320496916,82.2289930233441,"Simulated median and [5<U+1D57><U+02B0>-95<U+1D57><U+02B0>] percentiles for Raltegravir (Filmcoated_tablet_400mg_sd)","Raltegravir (Filmcoated_tablet_400mg_sd)","Organism|PeripheralVenousBlood|Raltegravir|Plasma (Peripheral Venous Blood)"
13.75,80.1401911219805,39.3905790851367,154.629864119927,80.1401911219805,"Simulated median and [5<U+1D57><U+02B0>-95<U+1D57><U+02B0>] percentiles for Raltegravir (Filmcoated_tablet_400mg_sd)","Raltegravir (Filmcoated_tablet_400mg_sd)","Organism|PeripheralVenousBlood|Raltegravir|Plasma (Peripheral Venous Blood)"
14,78.1298074101493,38.4760330339717,151.397332113001,78.1298074101493,"Simulated median and [5<U+1D57><U+02B0>-95<U+1D57><U+02B0>] percentiles for Raltegravir (Filmcoated_tablet_400mg_sd)","Raltegravir (Filmcoated_tablet_400mg_sd)","Organism|PeripheralVenousBlood|Raltegravir|Plasma (Peripheral Venous Blood)"
14.25,76.1925274769142,37.6213153297729,150.895581524054,76.1925274769142,"Simulated median and [5<U+1D57><U+02B0>-95<U+1D57><U+02B0>] percentiles for Raltegravir (Filmcoated_tablet_400mg_sd)","Raltegravir (Filmcoated_tablet_400mg_sd)","Organism|PeripheralVenousBlood|Raltegravir|Plasma (Peripheral Venous Blood)"
14.5,74.3235832526505,36.821537707827,149.970241589717,74.3235832526505,"Simulated median and [5<U+1D57><U+02B0>-95<U+1D57><U+02B0>] percentiles for Raltegravir (Filmcoated_tablet_400mg_sd)","Raltegravir (Filmcoated_tablet_400mg_sd)","Organism|PeripheralVenousBlood|Raltegravir|Plasma (Peripheral Venous Blood)"
14.75,72.5187165862903,36.0722004679836,148.666533476993,72.5187165862903,"Simulated median and [5<U+1D57><U+02B0>-95<U+1D57><U+02B0>] percentiles for Raltegravir (Filmcoated_tablet_400mg_sd)","Raltegravir (Filmcoated_tablet_400mg_sd)","Organism|PeripheralVenousBlood|Raltegravir|Plasma (Peripheral Venous Blood)"
15,70.7741593783662,35.369123768096,147.195729026495,70.7741593783662,"Simulated median and [5<U+1D57><U+02B0>-95<U+1D57><U+02B0>] percentiles for Raltegravir (Filmcoated_tablet_400mg_sd)","Raltegravir (Filmcoated_tablet_400mg_sd)","Organism|PeripheralVenousBlood|Raltegravir|Plasma (Peripheral Venous Blood)"
15.25,69.0000533834055,34.7084411672608,142.794526598708,69.0000533834055,"Simulated median and [5<U+1D57><U+02B0>-95<U+1D57><U+02B0>] percentiles for Raltegravir (Filmcoated_tablet_400mg_sd)","Raltegravir (Filmcoated_tablet_400mg_sd)","Organism|PeripheralVenousBlood|Raltegravir|Plasma (Peripheral Venous Blood)"
15.5,67.1745019038878,34.0865873745276,137.920666753469,67.1745019038878,"Simulated median and [5<U+1D57><U+02B0>-95<U+1D57><U+02B0>] percentiles for Raltegravir (Filmcoated_tablet_400mg_sd)","Raltegravir (Filmcoated_tablet_400mg_sd)","Organism|PeripheralVenousBlood|Raltegravir|Plasma (Peripheral Venous Blood)"
15.75,65.414256422434,33.5002588461014,133.00346912873,65.414256422434,"Simulated median and [5<U+1D57><U+02B0>-95<U+1D57><U+02B0>] percentiles for Raltegravir (Filmcoated_tablet_400mg_sd)","Raltegravir (Filmcoated_tablet_400mg_sd)","Organism|PeripheralVenousBlood|Raltegravir|Plasma (Peripheral Venous Blood)"
16,63.7068769129462,32.9463988851251,128.335749489173,63.7068769129462,"Simulated median and [5<U+1D57><U+02B0>-95<U+1D57><U+02B0>] percentiles for Raltegravir (Filmcoated_tablet_400mg_sd)","Raltegravir (Filmcoated_tablet_400mg_sd)","Organism|PeripheralVenousBlood|Raltegravir|Plasma (Peripheral Venous Blood)"
16.25,61.8831697492488,32.4221906882445,123.903792350073,61.8831697492488,"Simulated median and [5<U+1D57><U+02B0>-95<U+1D57><U+02B0>] percentiles for Raltegravir (Filmcoated_tablet_400mg_sd)","Raltegravir (Filmcoated_tablet_400mg_sd)","Organism|PeripheralVenousBlood|Raltegravir|Plasma (Peripheral Venous Blood)"
16.5,60.128546616561,31.9250218334235,119.694618628574,60.128546616561,"Simulated median and [5<U+1D57><U+02B0>-95<U+1D57><U+02B0>] percentiles for Raltegravir (Filmcoated_tablet_400mg_sd)","Raltegravir (Filmcoated_tablet_400mg_sd)","Organism|PeripheralVenousBlood|Raltegravir|Plasma (Peripheral Venous Blood)"
16.75,58.5909997870251,31.4524880877768,115.766040506645,58.5909997870251,"Simulated median and [5<U+1D57><U+02B0>-95<U+1D57><U+02B0>] percentiles for Raltegravir (Filmcoated_tablet_400mg_sd)","Raltegravir (Filmcoated_tablet_400mg_sd)","Organism|PeripheralVenousBlood|Raltegravir|Plasma (Peripheral Venous Blood)"
17,57.3837212468408,31.0023697327802,114.579177251238,57.3837212468408,"Simulated median and [5<U+1D57><U+02B0>-95<U+1D57><U+02B0>] percentiles for Raltegravir (Filmcoated_tablet_400mg_sd)","Raltegravir (Filmcoated_tablet_400mg_sd)","Organism|PeripheralVenousBlood|Raltegravir|Plasma (Peripheral Venous Blood)"
17.25,56.107381853763,30.5726253558466,112.52383991409,56.107381853763,"Simulated median and [5<U+1D57><U+02B0>-95<U+1D57><U+02B0>] percentiles for Raltegravir (Filmcoated_tablet_400mg_sd)","Raltegravir (Filmcoated_tablet_400mg_sd)","Organism|PeripheralVenousBlood|Raltegravir|Plasma (Peripheral Venous Blood)"
17.5,54.6990695780188,30.1613716522531,109.465256027211,54.6990695780188,"Simulated median and [5<U+1D57><U+02B0>-95<U+1D57><U+02B0>] percentiles for Raltegravir (Filmcoated_tablet_400mg_sd)","Raltegravir (Filmcoated_tablet_400mg_sd)","Organism|PeripheralVenousBlood|Raltegravir|Plasma (Peripheral Venous Blood)"
17.75,53.4176177547321,29.7574418194941,106.516765874623,53.4176177547321,"Simulated median and [5<U+1D57><U+02B0>-95<U+1D57><U+02B0>] percentiles for Raltegravir (Filmcoated_tablet_400mg_sd)","Raltegravir (Filmcoated_tablet_400mg_sd)","Organism|PeripheralVenousBlood|Raltegravir|Plasma (Peripheral Venous Blood)"
18,52.1775405244995,29.2032565371007,103.673185173956,52.1775405244995,"Simulated median and [5<U+1D57><U+02B0>-95<U+1D57><U+02B0>] percentiles for Raltegravir (Filmcoated_tablet_400mg_sd)","Raltegravir (Filmcoated_tablet_400mg_sd)","Organism|PeripheralVenousBlood|Raltegravir|Plasma (Peripheral Venous Blood)"
18.25,51.0032146432783,28.674687625988,100.929610429165,51.0032146432783,"Simulated median and [5<U+1D57><U+02B0>-95<U+1D57><U+02B0>] percentiles for Raltegravir (Filmcoated_tablet_400mg_sd)","Raltegravir (Filmcoated_tablet_400mg_sd)","Organism|PeripheralVenousBlood|Raltegravir|Plasma (Peripheral Venous Blood)"
18.5,49.8781091474559,28.1698191665127,98.2814576710894,49.8781091474559,"Simulated median and [5<U+1D57><U+02B0>-95<U+1D57><U+02B0>] percentiles for Raltegravir (Filmcoated_tablet_400mg_sd)","Raltegravir (Filmcoated_tablet_400mg_sd)","Organism|PeripheralVenousBlood|Raltegravir|Plasma (Peripheral Venous Blood)"
18.75,48.7878651940264,27.6868749699602,95.7119078652444,48.7878651940264,"Simulated median and [5<U+1D57><U+02B0>-95<U+1D57><U+02B0>] percentiles for Raltegravir (Filmcoated_tablet_400mg_sd)","Raltegravir (Filmcoated_tablet_400mg_sd)","Organism|PeripheralVenousBlood|Raltegravir|Plasma (Peripheral Venous Blood)"
19,47.8253707393698,27.2242017744116,93.4369419832317,47.8253707393698,"Simulated median and [5<U+1D57><U+02B0>-95<U+1D57><U+02B0>] percentiles for Raltegravir (Filmcoated_tablet_400mg_sd)","Raltegravir (Filmcoated_tablet_400mg_sd)","Organism|PeripheralVenousBlood|Raltegravir|Plasma (Peripheral Venous Blood)"
19.25,46.7667268362634,26.7802817443694,92.9507899353928,46.7667268362634,"Simulated median and [5<U+1D57><U+02B0>-95<U+1D57><U+02B0>] percentiles for Raltegravir (Filmcoated_tablet_400mg_sd)","Raltegravir (Filmcoated_tablet_400mg_sd)","Organism|PeripheralVenousBlood|Raltegravir|Plasma (Peripheral Venous Blood)"
19.5,45.7125927323438,26.3536922401709,92.4081375869626,45.7125927323438,"Simulated median and [5<U+1D57><U+02B0>-95<U+1D57><U+02B0>] percentiles for Raltegravir (Filmcoated_tablet_400mg_sd)","Raltegravir (Filmcoated_tablet_400mg_sd)","Organism|PeripheralVenousBlood|Raltegravir|Plasma (Peripheral Venous Blood)"
19.75,44.6608972973678,25.9431359495391,91.8019374661427,44.6608972973678,"Simulated median and [5<U+1D57><U+02B0>-95<U+1D57><U+02B0>] percentiles for Raltegravir (Filmcoated_tablet_400mg_sd)","Raltegravir (Filmcoated_tablet_400mg_sd)","Organism|PeripheralVenousBlood|Raltegravir|Plasma (Peripheral Venous Blood)"
20,43.6856730901606,25.547406617082,90.2508930261771,43.6856730901606,"Simulated median and [5<U+1D57><U+02B0>-95<U+1D57><U+02B0>] percentiles for Raltegravir (Filmcoated_tablet_400mg_sd)","Raltegravir (Filmcoated_tablet_400mg_sd)","Organism|PeripheralVenousBlood|Raltegravir|Plasma (Peripheral Venous Blood)"
20.25,42.8096611539055,25.1653890442929,86.894503126193,42.8096611539055,"Simulated median and [5<U+1D57><U+02B0>-95<U+1D57><U+02B0>] percentiles for Raltegravir (Filmcoated_tablet_400mg_sd)","Raltegravir (Filmcoated_tablet_400mg_sd)","Organism|PeripheralVenousBlood|Raltegravir|Plasma (Peripheral Venous Blood)"
20.5,41.9608073475555,24.7960581789815,83.6371827861883,41.9608073475555,"Simulated median and [5<U+1D57><U+02B0>-95<U+1D57><U+02B0>] percentiles for Raltegravir (Filmcoated_tablet_400mg_sd)","Raltegravir (Filmcoated_tablet_400mg_sd)","Organism|PeripheralVenousBlood|Raltegravir|Plasma (Peripheral Venous Blood)"
20.75,41.1157050848756,24.4384698440272,80.5478018051552,41.1157050848756,"Simulated median and [5<U+1D57><U+02B0>-95<U+1D57><U+02B0>] percentiles for Raltegravir (Filmcoated_tablet_400mg_sd)","Raltegravir (Filmcoated_tablet_400mg_sd)","Organism|PeripheralVenousBlood|Raltegravir|Plasma (Peripheral Venous Blood)"
21,40.347249541416,24.0917475755205,79.5330049378729,40.347249541416,"Simulated median and [5<U+1D57><U+02B0>-95<U+1D57><U+02B0>] percentiles for Raltegravir (Filmcoated_tablet_400mg_sd)","Raltegravir (Filmcoated_tablet_400mg_sd)","Organism|PeripheralVenousBlood|Raltegravir|Plasma (Peripheral Venous Blood)"
21.25,39.7277862402562,23.755088003397,78.5735252939063,39.7277862402562,"Simulated median and [5<U+1D57><U+02B0>-95<U+1D57><U+02B0>] percentiles for Raltegravir (Filmcoated_tablet_400mg_sd)","Raltegravir (Filmcoated_tablet_400mg_sd)","Organism|PeripheralVenousBlood|Raltegravir|Plasma (Peripheral Venous Blood)"
21.5,39.2048846268993,23.4277580369519,77.6236685415674,39.2048846268993,"Simulated median and [5<U+1D57><U+02B0>-95<U+1D57><U+02B0>] percentiles for Raltegravir (Filmcoated_tablet_400mg_sd)","Raltegravir (Filmcoated_tablet_400mg_sd)","Organism|PeripheralVenousBlood|Raltegravir|Plasma (Peripheral Venous Blood)"
21.75,38.6352228196237,23.1090771501368,76.6830098590972,38.6352228196237,"Simulated median and [5<U+1D57><U+02B0>-95<U+1D57><U+02B0>] percentiles for Raltegravir (Filmcoated_tablet_400mg_sd)","Raltegravir (Filmcoated_tablet_400mg_sd)","Organism|PeripheralVenousBlood|Raltegravir|Plasma (Peripheral Venous Blood)"
22,38.0072134158932,22.798421768846,75.7511244247369,38.0072134158932,"Simulated median and [5<U+1D57><U+02B0>-95<U+1D57><U+02B0>] percentiles for Raltegravir (Filmcoated_tablet_400mg_sd)","Raltegravir (Filmcoated_tablet_400mg_sd)","Organism|PeripheralVenousBlood|Raltegravir|Plasma (Peripheral Venous Blood)"
22.25,37.3541468129359,22.4444781926692,74.3057728570218,37.3541468129359,"Simulated median and [5<U+1D57><U+02B0>-95<U+1D57><U+02B0>] percentiles for Raltegravir (Filmcoated_tablet_400mg_sd)","Raltegravir (Filmcoated_tablet_400mg_sd)","Organism|PeripheralVenousBlood|Raltegravir|Plasma (Peripheral Venous Blood)"
22.5,36.7103812569067,22.0017029132319,72.5394868273619,36.7103812569067,"Simulated median and [5<U+1D57><U+02B0>-95<U+1D57><U+02B0>] percentiles for Raltegravir (Filmcoated_tablet_400mg_sd)","Raltegravir (Filmcoated_tablet_400mg_sd)","Organism|PeripheralVenousBlood|Raltegravir|Plasma (Peripheral Venous Blood)"
22.75,36.0205276723295,21.5705046889577,70.8136744242666,36.0205276723295,"Simulated median and [5<U+1D57><U+02B0>-95<U+1D57><U+02B0>] percentiles for Raltegravir (Filmcoated_tablet_400mg_sd)","Raltegravir (Filmcoated_tablet_400mg_sd)","Organism|PeripheralVenousBlood|Raltegravir|Plasma (Peripheral Venous Blood)"
23,35.1880359604597,21.1504893263125,69.1311044392778,35.1880359604597,"Simulated median and [5<U+1D57><U+02B0>-95<U+1D57><U+02B0>] percentiles for Raltegravir (Filmcoated_tablet_400mg_sd)","Raltegravir (Filmcoated_tablet_400mg_sd)","Organism|PeripheralVenousBlood|Raltegravir|Plasma (Peripheral Venous Blood)"
23.25,34.5589404964257,20.7412789392229,67.4928145897708,34.5589404964257,"Simulated median and [5<U+1D57><U+02B0>-95<U+1D57><U+02B0>] percentiles for Raltegravir (Filmcoated_tablet_400mg_sd)","Raltegravir (Filmcoated_tablet_400mg_sd)","Organism|PeripheralVenousBlood|Raltegravir|Plasma (Peripheral Venous Blood)"
23.5,33.9499570149623,20.342497297195,65.8989843405884,33.9499570149623,"Simulated median and [5<U+1D57><U+02B0>-95<U+1D57><U+02B0>] percentiles for Raltegravir (Filmcoated_tablet_400mg_sd)","Raltegravir (Filmcoated_tablet_400mg_sd)","Organism|PeripheralVenousBlood|Raltegravir|Plasma (Peripheral Venous Blood)"
23.75,33.2578435640525,19.9538006190977,64.3491706585947,33.2578435640525,"Simulated median and [5<U+1D57><U+02B0>-95<U+1D57><U+02B0>] percentiles for Raltegravir (Filmcoated_tablet_400mg_sd)","Raltegravir (Filmcoated_tablet_400mg_sd)","Organism|PeripheralVenousBlood|Raltegravir|Plasma (Peripheral Venous Blood)"
24,32.3482382594783,19.5748376736911,62.6756278876465,32.3482382594783,"Simulated median and [5<U+1D57><U+02B0>-95<U+1D57><U+02B0>] percentiles for Raltegravir (Filmcoated_tablet_400mg_sd)","Raltegravir (Filmcoated_tablet_400mg_sd)","Organism|PeripheralVenousBlood|Raltegravir|Plasma (Peripheral Venous Blood)"
