"Time","Concentration","Legend","ResidualsLegend","Path"
0,0,"Simulated Raltegravir (Raltegravir 800 mg (lactose formulation))","Raltegravir (Raltegravir 800 mg (lactose formulation))","Organism|PeripheralVenousBlood|Raltegravir|Plasma (Peripheral Venous Blood)"
0.05,22.0506929247111,"Simulated Raltegravir (Raltegravir 800 mg (lactose formulation))","Raltegravir (Raltegravir 800 mg (lactose formulation))","Organism|PeripheralVenousBlood|Raltegravir|Plasma (Peripheral Venous Blood)"
0.1,280.297674686545,"Simulated Raltegravir (Raltegravir 800 mg (lactose formulation))","Raltegravir (Raltegravir 800 mg (lactose formulation))","Organism|PeripheralVenousBlood|Raltegravir|Plasma (Peripheral Venous Blood)"
0.15,882.376580749333,"Simulated Raltegravir (Raltegravir 800 mg (lactose formulation))","Raltegravir (Raltegravir 800 mg (lactose formulation))","Organism|PeripheralVenousBlood|Raltegravir|Plasma (Peripheral Venous Blood)"
0.2,1786.0103814146,"Simulated Raltegravir (Raltegravir 800 mg (lactose formulation))","Raltegravir (Raltegravir 800 mg (lactose formulation))","Organism|PeripheralVenousBlood|Raltegravir|Plasma (Peripheral Venous Blood)"
0.25,2900.49007514229,"Simulated Raltegravir (Raltegravir 800 mg (lactose formulation))","Raltegravir (Raltegravir 800 mg (lactose formulation))","Organism|PeripheralVenousBlood|Raltegravir|Plasma (Peripheral Venous Blood)"
0.3,4112.3396842082,"Simulated Raltegravir (Raltegravir 800 mg (lactose formulation))","Raltegravir (Raltegravir 800 mg (lactose formulation))","Organism|PeripheralVenousBlood|Raltegravir|Plasma (Peripheral Venous Blood)"
0.35,5314.90321278686,"Simulated Raltegravir (Raltegravir 800 mg (lactose formulation))","Raltegravir (Raltegravir 800 mg (lactose formulation))","Organism|PeripheralVenousBlood|Raltegravir|Plasma (Peripheral Venous Blood)"
0.4,6425.15309897175,"Simulated Raltegravir (Raltegravir 800 mg (lactose formulation))","Raltegravir (Raltegravir 800 mg (lactose formulation))","Organism|PeripheralVenousBlood|Raltegravir|Plasma (Peripheral Venous Blood)"
0.45,7388.230264715,"Simulated Raltegravir (Raltegravir 800 mg (lactose formulation))","Raltegravir (Raltegravir 800 mg (lactose formulation))","Organism|PeripheralVenousBlood|Raltegravir|Plasma (Peripheral Venous Blood)"
0.5,8175.25588974094,"Simulated Raltegravir (Raltegravir 800 mg (lactose formulation))","Raltegravir (Raltegravir 800 mg (lactose formulation))","Organism|PeripheralVenousBlood|Raltegravir|Plasma (Peripheral Venous Blood)"
0.55,8778.3060780756,"Simulated Raltegravir (Raltegravir 800 mg (lactose formulation))","Raltegravir (Raltegravir 800 mg (lactose formulation))","Organism|PeripheralVenousBlood|Raltegravir|Plasma (Peripheral Venous Blood)"
0.6,9204.58591270771,"Simulated Raltegravir (Raltegravir 800 mg (lactose formulation))","Raltegravir (Raltegravir 800 mg (lactose formulation))","Organism|PeripheralVenousBlood|Raltegravir|Plasma (Peripheral Venous Blood)"
0.65,9470.95104954681,"Simulated Raltegravir (Raltegravir 800 mg (lactose formulation))","Raltegravir (Raltegravir 800 mg (lactose formulation))","Organism|PeripheralVenousBlood|Raltegravir|Plasma (Peripheral Venous Blood)"
0.7,9599.29392133999,"Simulated Raltegravir (Raltegravir 800 mg (lactose formulation))","Raltegravir (Raltegravir 800 mg (lactose formulation))","Organism|PeripheralVenousBlood|Raltegravir|Plasma (Peripheral Venous Blood)"
0.75,9613.04037202568,"Simulated Raltegravir (Raltegravir 800 mg (lactose formulation))","Raltegravir (Raltegravir 800 mg (lactose formulation))","Organism|PeripheralVenousBlood|Raltegravir|Plasma (Peripheral Venous Blood)"
0.8,9534.87200285244,"Simulated Raltegravir (Raltegravir 800 mg (lactose formulation))","Raltegravir (Raltegravir 800 mg (lactose formulation))","Organism|PeripheralVenousBlood|Raltegravir|Plasma (Peripheral Venous Blood)"
0.85,9385.43688635235,"Simulated Raltegravir (Raltegravir 800 mg (lactose formulation))","Raltegravir (Raltegravir 800 mg (lactose formulation))","Organism|PeripheralVenousBlood|Raltegravir|Plasma (Peripheral Venous Blood)"
0.9,9182.61380021934,"Simulated Raltegravir (Raltegravir 800 mg (lactose formulation))","Raltegravir (Raltegravir 800 mg (lactose formulation))","Organism|PeripheralVenousBlood|Raltegravir|Plasma (Peripheral Venous Blood)"
0.95,8941.34015297432,"Simulated Raltegravir (Raltegravir 800 mg (lactose formulation))","Raltegravir (Raltegravir 800 mg (lactose formulation))","Organism|PeripheralVenousBlood|Raltegravir|Plasma (Peripheral Venous Blood)"
1,8673.8637380413,"Simulated Raltegravir (Raltegravir 800 mg (lactose formulation))","Raltegravir (Raltegravir 800 mg (lactose formulation))","Organism|PeripheralVenousBlood|Raltegravir|Plasma (Peripheral Venous Blood)"
1.05,8389.96651514854,"Simulated Raltegravir (Raltegravir 800 mg (lactose formulation))","Raltegravir (Raltegravir 800 mg (lactose formulation))","Organism|PeripheralVenousBlood|Raltegravir|Plasma (Peripheral Venous Blood)"
1.1,8097.28756757774,"Simulated Raltegravir (Raltegravir 800 mg (lactose formulation))","Raltegravir (Raltegravir 800 mg (lactose formulation))","Organism|PeripheralVenousBlood|Raltegravir|Plasma (Peripheral Venous Blood)"
1.15,7801.70624304771,"Simulated Raltegravir (Raltegravir 800 mg (lactose formulation))","Raltegravir (Raltegravir 800 mg (lactose formulation))","Organism|PeripheralVenousBlood|Raltegravir|Plasma (Peripheral Venous Blood)"
1.2,7507.66680627727,"Simulated Raltegravir (Raltegravir 800 mg (lactose formulation))","Raltegravir (Raltegravir 800 mg (lactose formulation))","Organism|PeripheralVenousBlood|Raltegravir|Plasma (Peripheral Venous Blood)"
1.25,7218.43188837509,"Simulated Raltegravir (Raltegravir 800 mg (lactose formulation))","Raltegravir (Raltegravir 800 mg (lactose formulation))","Organism|PeripheralVenousBlood|Raltegravir|Plasma (Peripheral Venous Blood)"
1.3,6936.36518038988,"Simulated Raltegravir (Raltegravir 800 mg (lactose formulation))","Raltegravir (Raltegravir 800 mg (lactose formulation))","Organism|PeripheralVenousBlood|Raltegravir|Plasma (Peripheral Venous Blood)"
1.35,6663.09799787598,"Simulated Raltegravir (Raltegravir 800 mg (lactose formulation))","Raltegravir (Raltegravir 800 mg (lactose formulation))","Organism|PeripheralVenousBlood|Raltegravir|Plasma (Peripheral Venous Blood)"
1.4,6399.70601734076,"Simulated Raltegravir (Raltegravir 800 mg (lactose formulation))","Raltegravir (Raltegravir 800 mg (lactose formulation))","Organism|PeripheralVenousBlood|Raltegravir|Plasma (Peripheral Venous Blood)"
1.45,6146.83303414068,"Simulated Raltegravir (Raltegravir 800 mg (lactose formulation))","Raltegravir (Raltegravir 800 mg (lactose formulation))","Organism|PeripheralVenousBlood|Raltegravir|Plasma (Peripheral Venous Blood)"
1.5,5904.79480044203,"Simulated Raltegravir (Raltegravir 800 mg (lactose formulation))","Raltegravir (Raltegravir 800 mg (lactose formulation))","Organism|PeripheralVenousBlood|Raltegravir|Plasma (Peripheral Venous Blood)"
1.55,5673.67608192701,"Simulated Raltegravir (Raltegravir 800 mg (lactose formulation))","Raltegravir (Raltegravir 800 mg (lactose formulation))","Organism|PeripheralVenousBlood|Raltegravir|Plasma (Peripheral Venous Blood)"
1.6,5453.37007383604,"Simulated Raltegravir (Raltegravir 800 mg (lactose formulation))","Raltegravir (Raltegravir 800 mg (lactose formulation))","Organism|PeripheralVenousBlood|Raltegravir|Plasma (Peripheral Venous Blood)"
1.65,5243.64112757254,"Simulated Raltegravir (Raltegravir 800 mg (lactose formulation))","Raltegravir (Raltegravir 800 mg (lactose formulation))","Organism|PeripheralVenousBlood|Raltegravir|Plasma (Peripheral Venous Blood)"
1.7,5044.17391479864,"Simulated Raltegravir (Raltegravir 800 mg (lactose formulation))","Raltegravir (Raltegravir 800 mg (lactose formulation))","Organism|PeripheralVenousBlood|Raltegravir|Plasma (Peripheral Venous Blood)"
1.75,4854.57257977838,"Simulated Raltegravir (Raltegravir 800 mg (lactose formulation))","Raltegravir (Raltegravir 800 mg (lactose formulation))","Organism|PeripheralVenousBlood|Raltegravir|Plasma (Peripheral Venous Blood)"
1.8,4674.41498941431,"Simulated Raltegravir (Raltegravir 800 mg (lactose formulation))","Raltegravir (Raltegravir 800 mg (lactose formulation))","Organism|PeripheralVenousBlood|Raltegravir|Plasma (Peripheral Venous Blood)"
1.85,4503.25697153158,"Simulated Raltegravir (Raltegravir 800 mg (lactose formulation))","Raltegravir (Raltegravir 800 mg (lactose formulation))","Organism|PeripheralVenousBlood|Raltegravir|Plasma (Peripheral Venous Blood)"
1.9,4340.64291058826,"Simulated Raltegravir (Raltegravir 800 mg (lactose formulation))","Raltegravir (Raltegravir 800 mg (lactose formulation))","Organism|PeripheralVenousBlood|Raltegravir|Plasma (Peripheral Venous Blood)"
1.95,4186.11931018448,"Simulated Raltegravir (Raltegravir 800 mg (lactose formulation))","Raltegravir (Raltegravir 800 mg (lactose formulation))","Organism|PeripheralVenousBlood|Raltegravir|Plasma (Peripheral Venous Blood)"
2,4039.24157431698,"Simulated Raltegravir (Raltegravir 800 mg (lactose formulation))","Raltegravir (Raltegravir 800 mg (lactose formulation))","Organism|PeripheralVenousBlood|Raltegravir|Plasma (Peripheral Venous Blood)"
2.25,3405.0359713964,"Simulated Raltegravir (Raltegravir 800 mg (lactose formulation))","Raltegravir (Raltegravir 800 mg (lactose formulation))","Organism|PeripheralVenousBlood|Raltegravir|Plasma (Peripheral Venous Blood)"
2.5,2905.12273158984,"Simulated Raltegravir (Raltegravir 800 mg (lactose formulation))","Raltegravir (Raltegravir 800 mg (lactose formulation))","Organism|PeripheralVenousBlood|Raltegravir|Plasma (Peripheral Venous Blood)"
2.75,2504.54448754959,"Simulated Raltegravir (Raltegravir 800 mg (lactose formulation))","Raltegravir (Raltegravir 800 mg (lactose formulation))","Organism|PeripheralVenousBlood|Raltegravir|Plasma (Peripheral Venous Blood)"
3,2178.37589041872,"Simulated Raltegravir (Raltegravir 800 mg (lactose formulation))","Raltegravir (Raltegravir 800 mg (lactose formulation))","Organism|PeripheralVenousBlood|Raltegravir|Plasma (Peripheral Venous Blood)"
3.25,1908.94583842473,"Simulated Raltegravir (Raltegravir 800 mg (lactose formulation))","Raltegravir (Raltegravir 800 mg (lactose formulation))","Organism|PeripheralVenousBlood|Raltegravir|Plasma (Peripheral Venous Blood)"
3.5,1683.76400233533,"Simulated Raltegravir (Raltegravir 800 mg (lactose formulation))","Raltegravir (Raltegravir 800 mg (lactose formulation))","Organism|PeripheralVenousBlood|Raltegravir|Plasma (Peripheral Venous Blood)"
3.75,1493.73873294687,"Simulated Raltegravir (Raltegravir 800 mg (lactose formulation))","Raltegravir (Raltegravir 800 mg (lactose formulation))","Organism|PeripheralVenousBlood|Raltegravir|Plasma (Peripheral Venous Blood)"
4,1332.08941142433,"Simulated Raltegravir (Raltegravir 800 mg (lactose formulation))","Raltegravir (Raltegravir 800 mg (lactose formulation))","Organism|PeripheralVenousBlood|Raltegravir|Plasma (Peripheral Venous Blood)"
4.25,1193.64088095393,"Simulated Raltegravir (Raltegravir 800 mg (lactose formulation))","Raltegravir (Raltegravir 800 mg (lactose formulation))","Organism|PeripheralVenousBlood|Raltegravir|Plasma (Peripheral Venous Blood)"
4.5,1074.30086631229,"Simulated Raltegravir (Raltegravir 800 mg (lactose formulation))","Raltegravir (Raltegravir 800 mg (lactose formulation))","Organism|PeripheralVenousBlood|Raltegravir|Plasma (Peripheral Venous Blood)"
4.75,970.882495719218,"Simulated Raltegravir (Raltegravir 800 mg (lactose formulation))","Raltegravir (Raltegravir 800 mg (lactose formulation))","Organism|PeripheralVenousBlood|Raltegravir|Plasma (Peripheral Venous Blood)"
5,880.850904426467,"Simulated Raltegravir (Raltegravir 800 mg (lactose formulation))","Raltegravir (Raltegravir 800 mg (lactose formulation))","Organism|PeripheralVenousBlood|Raltegravir|Plasma (Peripheral Venous Blood)"
5.25,802.141624243557,"Simulated Raltegravir (Raltegravir 800 mg (lactose formulation))","Raltegravir (Raltegravir 800 mg (lactose formulation))","Organism|PeripheralVenousBlood|Raltegravir|Plasma (Peripheral Venous Blood)"
5.5,733.069142558086,"Simulated Raltegravir (Raltegravir 800 mg (lactose formulation))","Raltegravir (Raltegravir 800 mg (lactose formulation))","Organism|PeripheralVenousBlood|Raltegravir|Plasma (Peripheral Venous Blood)"
5.75,672.238746026218,"Simulated Raltegravir (Raltegravir 800 mg (lactose formulation))","Raltegravir (Raltegravir 800 mg (lactose formulation))","Organism|PeripheralVenousBlood|Raltegravir|Plasma (Peripheral Venous Blood)"
6,618.486178002655,"Simulated Raltegravir (Raltegravir 800 mg (lactose formulation))","Raltegravir (Raltegravir 800 mg (lactose formulation))","Organism|PeripheralVenousBlood|Raltegravir|Plasma (Peripheral Venous Blood)"
6.25,570.834937828219,"Simulated Raltegravir (Raltegravir 800 mg (lactose formulation))","Raltegravir (Raltegravir 800 mg (lactose formulation))","Organism|PeripheralVenousBlood|Raltegravir|Plasma (Peripheral Venous Blood)"
6.5,528.466083055556,"Simulated Raltegravir (Raltegravir 800 mg (lactose formulation))","Raltegravir (Raltegravir 800 mg (lactose formulation))","Organism|PeripheralVenousBlood|Raltegravir|Plasma (Peripheral Venous Blood)"
6.75,490.684482111907,"Simulated Raltegravir (Raltegravir 800 mg (lactose formulation))","Raltegravir (Raltegravir 800 mg (lactose formulation))","Organism|PeripheralVenousBlood|Raltegravir|Plasma (Peripheral Venous Blood)"
7,456.898629471028,"Simulated Raltegravir (Raltegravir 800 mg (lactose formulation))","Raltegravir (Raltegravir 800 mg (lactose formulation))","Organism|PeripheralVenousBlood|Raltegravir|Plasma (Peripheral Venous Blood)"
7.25,426.603427623987,"Simulated Raltegravir (Raltegravir 800 mg (lactose formulation))","Raltegravir (Raltegravir 800 mg (lactose formulation))","Organism|PeripheralVenousBlood|Raltegravir|Plasma (Peripheral Venous Blood)"
7.5,399.36768414104,"Simulated Raltegravir (Raltegravir 800 mg (lactose formulation))","Raltegravir (Raltegravir 800 mg (lactose formulation))","Organism|PeripheralVenousBlood|Raltegravir|Plasma (Peripheral Venous Blood)"
7.75,374.820628630298,"Simulated Raltegravir (Raltegravir 800 mg (lactose formulation))","Raltegravir (Raltegravir 800 mg (lactose formulation))","Organism|PeripheralVenousBlood|Raltegravir|Plasma (Peripheral Venous Blood)"
8,352.641317027456,"Simulated Raltegravir (Raltegravir 800 mg (lactose formulation))","Raltegravir (Raltegravir 800 mg (lactose formulation))","Organism|PeripheralVenousBlood|Raltegravir|Plasma (Peripheral Venous Blood)"
8.25,332.552459594548,"Simulated Raltegravir (Raltegravir 800 mg (lactose formulation))","Raltegravir (Raltegravir 800 mg (lactose formulation))","Organism|PeripheralVenousBlood|Raltegravir|Plasma (Peripheral Venous Blood)"
8.5,314.313242326242,"Simulated Raltegravir (Raltegravir 800 mg (lactose formulation))","Raltegravir (Raltegravir 800 mg (lactose formulation))","Organism|PeripheralVenousBlood|Raltegravir|Plasma (Peripheral Venous Blood)"
8.75,297.654746095693,"Simulated Raltegravir (Raltegravir 800 mg (lactose formulation))","Raltegravir (Raltegravir 800 mg (lactose formulation))","Organism|PeripheralVenousBlood|Raltegravir|Plasma (Peripheral Venous Blood)"
9,282.340156778198,"Simulated Raltegravir (Raltegravir 800 mg (lactose formulation))","Raltegravir (Raltegravir 800 mg (lactose formulation))","Organism|PeripheralVenousBlood|Raltegravir|Plasma (Peripheral Venous Blood)"
9.25,268.245107224375,"Simulated Raltegravir (Raltegravir 800 mg (lactose formulation))","Raltegravir (Raltegravir 800 mg (lactose formulation))","Organism|PeripheralVenousBlood|Raltegravir|Plasma (Peripheral Venous Blood)"
9.5,255.253918767267,"Simulated Raltegravir (Raltegravir 800 mg (lactose formulation))","Raltegravir (Raltegravir 800 mg (lactose formulation))","Organism|PeripheralVenousBlood|Raltegravir|Plasma (Peripheral Venous Blood)"
9.75,243.260183986413,"Simulated Raltegravir (Raltegravir 800 mg (lactose formulation))","Raltegravir (Raltegravir 800 mg (lactose formulation))","Organism|PeripheralVenousBlood|Raltegravir|Plasma (Peripheral Venous Blood)"
10,232.167428939736,"Simulated Raltegravir (Raltegravir 800 mg (lactose formulation))","Raltegravir (Raltegravir 800 mg (lactose formulation))","Organism|PeripheralVenousBlood|Raltegravir|Plasma (Peripheral Venous Blood)"
10.25,221.888702579769,"Simulated Raltegravir (Raltegravir 800 mg (lactose formulation))","Raltegravir (Raltegravir 800 mg (lactose formulation))","Organism|PeripheralVenousBlood|Raltegravir|Plasma (Peripheral Venous Blood)"
10.5,212.346245637715,"Simulated Raltegravir (Raltegravir 800 mg (lactose formulation))","Raltegravir (Raltegravir 800 mg (lactose formulation))","Organism|PeripheralVenousBlood|Raltegravir|Plasma (Peripheral Venous Blood)"
10.75,203.470444297048,"Simulated Raltegravir (Raltegravir 800 mg (lactose formulation))","Raltegravir (Raltegravir 800 mg (lactose formulation))","Organism|PeripheralVenousBlood|Raltegravir|Plasma (Peripheral Venous Blood)"
11,195.199101738441,"Simulated Raltegravir (Raltegravir 800 mg (lactose formulation))","Raltegravir (Raltegravir 800 mg (lactose formulation))","Organism|PeripheralVenousBlood|Raltegravir|Plasma (Peripheral Venous Blood)"
11.25,187.476299100903,"Simulated Raltegravir (Raltegravir 800 mg (lactose formulation))","Raltegravir (Raltegravir 800 mg (lactose formulation))","Organism|PeripheralVenousBlood|Raltegravir|Plasma (Peripheral Venous Blood)"
11.5,180.252276280043,"Simulated Raltegravir (Raltegravir 800 mg (lactose formulation))","Raltegravir (Raltegravir 800 mg (lactose formulation))","Organism|PeripheralVenousBlood|Raltegravir|Plasma (Peripheral Venous Blood)"
11.75,173.4822531553,"Simulated Raltegravir (Raltegravir 800 mg (lactose formulation))","Raltegravir (Raltegravir 800 mg (lactose formulation))","Organism|PeripheralVenousBlood|Raltegravir|Plasma (Peripheral Venous Blood)"
12,167.126257409653,"Simulated Raltegravir (Raltegravir 800 mg (lactose formulation))","Raltegravir (Raltegravir 800 mg (lactose formulation))","Organism|PeripheralVenousBlood|Raltegravir|Plasma (Peripheral Venous Blood)"
12.25,161.148237138882,"Simulated Raltegravir (Raltegravir 800 mg (lactose formulation))","Raltegravir (Raltegravir 800 mg (lactose formulation))","Organism|PeripheralVenousBlood|Raltegravir|Plasma (Peripheral Venous Blood)"
12.5,155.515968139106,"Simulated Raltegravir (Raltegravir 800 mg (lactose formulation))","Raltegravir (Raltegravir 800 mg (lactose formulation))","Organism|PeripheralVenousBlood|Raltegravir|Plasma (Peripheral Venous Blood)"
12.75,150.200484387353,"Simulated Raltegravir (Raltegravir 800 mg (lactose formulation))","Raltegravir (Raltegravir 800 mg (lactose formulation))","Organism|PeripheralVenousBlood|Raltegravir|Plasma (Peripheral Venous Blood)"
13,145.175654213151,"Simulated Raltegravir (Raltegravir 800 mg (lactose formulation))","Raltegravir (Raltegravir 800 mg (lactose formulation))","Organism|PeripheralVenousBlood|Raltegravir|Plasma (Peripheral Venous Blood)"
13.25,140.417994873598,"Simulated Raltegravir (Raltegravir 800 mg (lactose formulation))","Raltegravir (Raltegravir 800 mg (lactose formulation))","Organism|PeripheralVenousBlood|Raltegravir|Plasma (Peripheral Venous Blood)"
13.5,135.906288458863,"Simulated Raltegravir (Raltegravir 800 mg (lactose formulation))","Raltegravir (Raltegravir 800 mg (lactose formulation))","Organism|PeripheralVenousBlood|Raltegravir|Plasma (Peripheral Venous Blood)"
13.75,131.621356733343,"Simulated Raltegravir (Raltegravir 800 mg (lactose formulation))","Raltegravir (Raltegravir 800 mg (lactose formulation))","Organism|PeripheralVenousBlood|Raltegravir|Plasma (Peripheral Venous Blood)"
14,127.546008157113,"Simulated Raltegravir (Raltegravir 800 mg (lactose formulation))","Raltegravir (Raltegravir 800 mg (lactose formulation))","Organism|PeripheralVenousBlood|Raltegravir|Plasma (Peripheral Venous Blood)"
14.25,123.664614057514,"Simulated Raltegravir (Raltegravir 800 mg (lactose formulation))","Raltegravir (Raltegravir 800 mg (lactose formulation))","Organism|PeripheralVenousBlood|Raltegravir|Plasma (Peripheral Venous Blood)"
14.5,119.963068895239,"Simulated Raltegravir (Raltegravir 800 mg (lactose formulation))","Raltegravir (Raltegravir 800 mg (lactose formulation))","Organism|PeripheralVenousBlood|Raltegravir|Plasma (Peripheral Venous Blood)"
14.75,116.428538616213,"Simulated Raltegravir (Raltegravir 800 mg (lactose formulation))","Raltegravir (Raltegravir 800 mg (lactose formulation))","Organism|PeripheralVenousBlood|Raltegravir|Plasma (Peripheral Venous Blood)"
15,113.049460651597,"Simulated Raltegravir (Raltegravir 800 mg (lactose formulation))","Raltegravir (Raltegravir 800 mg (lactose formulation))","Organism|PeripheralVenousBlood|Raltegravir|Plasma (Peripheral Venous Blood)"
15.25,109.815265780389,"Simulated Raltegravir (Raltegravir 800 mg (lactose formulation))","Raltegravir (Raltegravir 800 mg (lactose formulation))","Organism|PeripheralVenousBlood|Raltegravir|Plasma (Peripheral Venous Blood)"
15.5,106.716444352615,"Simulated Raltegravir (Raltegravir 800 mg (lactose formulation))","Raltegravir (Raltegravir 800 mg (lactose formulation))","Organism|PeripheralVenousBlood|Raltegravir|Plasma (Peripheral Venous Blood)"
15.75,103.744228418019,"Simulated Raltegravir (Raltegravir 800 mg (lactose formulation))","Raltegravir (Raltegravir 800 mg (lactose formulation))","Organism|PeripheralVenousBlood|Raltegravir|Plasma (Peripheral Venous Blood)"
16,100.890724172446,"Simulated Raltegravir (Raltegravir 800 mg (lactose formulation))","Raltegravir (Raltegravir 800 mg (lactose formulation))","Organism|PeripheralVenousBlood|Raltegravir|Plasma (Peripheral Venous Blood)"
16.25,98.1486735543549,"Simulated Raltegravir (Raltegravir 800 mg (lactose formulation))","Raltegravir (Raltegravir 800 mg (lactose formulation))","Organism|PeripheralVenousBlood|Raltegravir|Plasma (Peripheral Venous Blood)"
16.5,95.5115072233736,"Simulated Raltegravir (Raltegravir 800 mg (lactose formulation))","Raltegravir (Raltegravir 800 mg (lactose formulation))","Organism|PeripheralVenousBlood|Raltegravir|Plasma (Peripheral Venous Blood)"
16.75,92.9731790023252,"Simulated Raltegravir (Raltegravir 800 mg (lactose formulation))","Raltegravir (Raltegravir 800 mg (lactose formulation))","Organism|PeripheralVenousBlood|Raltegravir|Plasma (Peripheral Venous Blood)"
17,90.5281327656329,"Simulated Raltegravir (Raltegravir 800 mg (lactose formulation))","Raltegravir (Raltegravir 800 mg (lactose formulation))","Organism|PeripheralVenousBlood|Raltegravir|Plasma (Peripheral Venous Blood)"
17.25,88.1712163491741,"Simulated Raltegravir (Raltegravir 800 mg (lactose formulation))","Raltegravir (Raltegravir 800 mg (lactose formulation))","Organism|PeripheralVenousBlood|Raltegravir|Plasma (Peripheral Venous Blood)"
17.5,85.8978934644863,"Simulated Raltegravir (Raltegravir 800 mg (lactose formulation))","Raltegravir (Raltegravir 800 mg (lactose formulation))","Organism|PeripheralVenousBlood|Raltegravir|Plasma (Peripheral Venous Blood)"
17.75,83.7037205355719,"Simulated Raltegravir (Raltegravir 800 mg (lactose formulation))","Raltegravir (Raltegravir 800 mg (lactose formulation))","Organism|PeripheralVenousBlood|Raltegravir|Plasma (Peripheral Venous Blood)"
18,81.5847903942659,"Simulated Raltegravir (Raltegravir 800 mg (lactose formulation))","Raltegravir (Raltegravir 800 mg (lactose formulation))","Organism|PeripheralVenousBlood|Raltegravir|Plasma (Peripheral Venous Blood)"
18.25,79.5374541428417,"Simulated Raltegravir (Raltegravir 800 mg (lactose formulation))","Raltegravir (Raltegravir 800 mg (lactose formulation))","Organism|PeripheralVenousBlood|Raltegravir|Plasma (Peripheral Venous Blood)"
18.5,77.5582416861832,"Simulated Raltegravir (Raltegravir 800 mg (lactose formulation))","Raltegravir (Raltegravir 800 mg (lactose formulation))","Organism|PeripheralVenousBlood|Raltegravir|Plasma (Peripheral Venous Blood)"
18.75,75.6440074228018,"Simulated Raltegravir (Raltegravir 800 mg (lactose formulation))","Raltegravir (Raltegravir 800 mg (lactose formulation))","Organism|PeripheralVenousBlood|Raltegravir|Plasma (Peripheral Venous Blood)"
19,73.7918176654145,"Simulated Raltegravir (Raltegravir 800 mg (lactose formulation))","Raltegravir (Raltegravir 800 mg (lactose formulation))","Organism|PeripheralVenousBlood|Raltegravir|Plasma (Peripheral Venous Blood)"
19.25,71.9989506409436,"Simulated Raltegravir (Raltegravir 800 mg (lactose formulation))","Raltegravir (Raltegravir 800 mg (lactose formulation))","Organism|PeripheralVenousBlood|Raltegravir|Plasma (Peripheral Venous Blood)"
19.5,70.2628368896469,"Simulated Raltegravir (Raltegravir 800 mg (lactose formulation))","Raltegravir (Raltegravir 800 mg (lactose formulation))","Organism|PeripheralVenousBlood|Raltegravir|Plasma (Peripheral Venous Blood)"
19.75,68.5810327758416,"Simulated Raltegravir (Raltegravir 800 mg (lactose formulation))","Raltegravir (Raltegravir 800 mg (lactose formulation))","Organism|PeripheralVenousBlood|Raltegravir|Plasma (Peripheral Venous Blood)"
20,66.9513132003695,"Simulated Raltegravir (Raltegravir 800 mg (lactose formulation))","Raltegravir (Raltegravir 800 mg (lactose formulation))","Organism|PeripheralVenousBlood|Raltegravir|Plasma (Peripheral Venous Blood)"
20.25,65.371545776537,"Simulated Raltegravir (Raltegravir 800 mg (lactose formulation))","Raltegravir (Raltegravir 800 mg (lactose formulation))","Organism|PeripheralVenousBlood|Raltegravir|Plasma (Peripheral Venous Blood)"
20.5,63.839776920262,"Simulated Raltegravir (Raltegravir 800 mg (lactose formulation))","Raltegravir (Raltegravir 800 mg (lactose formulation))","Organism|PeripheralVenousBlood|Raltegravir|Plasma (Peripheral Venous Blood)"
20.75,62.3541391376078,"Simulated Raltegravir (Raltegravir 800 mg (lactose formulation))","Raltegravir (Raltegravir 800 mg (lactose formulation))","Organism|PeripheralVenousBlood|Raltegravir|Plasma (Peripheral Venous Blood)"
21,60.9127649346381,"Simulated Raltegravir (Raltegravir 800 mg (lactose formulation))","Raltegravir (Raltegravir 800 mg (lactose formulation))","Organism|PeripheralVenousBlood|Raltegravir|Plasma (Peripheral Venous Blood)"
21.25,59.5140517101735,"Simulated Raltegravir (Raltegravir 800 mg (lactose formulation))","Raltegravir (Raltegravir 800 mg (lactose formulation))","Organism|PeripheralVenousBlood|Raltegravir|Plasma (Peripheral Venous Blood)"
21.5,58.1563173952073,"Simulated Raltegravir (Raltegravir 800 mg (lactose formulation))","Raltegravir (Raltegravir 800 mg (lactose formulation))","Organism|PeripheralVenousBlood|Raltegravir|Plasma (Peripheral Venous Blood)"
21.75,56.8381315688521,"Simulated Raltegravir (Raltegravir 800 mg (lactose formulation))","Raltegravir (Raltegravir 800 mg (lactose formulation))","Organism|PeripheralVenousBlood|Raltegravir|Plasma (Peripheral Venous Blood)"
22,55.5580373209447,"Simulated Raltegravir (Raltegravir 800 mg (lactose formulation))","Raltegravir (Raltegravir 800 mg (lactose formulation))","Organism|PeripheralVenousBlood|Raltegravir|Plasma (Peripheral Venous Blood)"
22.25,54.3146042305976,"Simulated Raltegravir (Raltegravir 800 mg (lactose formulation))","Raltegravir (Raltegravir 800 mg (lactose formulation))","Organism|PeripheralVenousBlood|Raltegravir|Plasma (Peripheral Venous Blood)"
22.5,53.1065475679398,"Simulated Raltegravir (Raltegravir 800 mg (lactose formulation))","Raltegravir (Raltegravir 800 mg (lactose formulation))","Organism|PeripheralVenousBlood|Raltegravir|Plasma (Peripheral Venous Blood)"
22.75,51.9326223370135,"Simulated Raltegravir (Raltegravir 800 mg (lactose formulation))","Raltegravir (Raltegravir 800 mg (lactose formulation))","Organism|PeripheralVenousBlood|Raltegravir|Plasma (Peripheral Venous Blood)"
23,50.7916265869342,"Simulated Raltegravir (Raltegravir 800 mg (lactose formulation))","Raltegravir (Raltegravir 800 mg (lactose formulation))","Organism|PeripheralVenousBlood|Raltegravir|Plasma (Peripheral Venous Blood)"
23.25,49.6823649891362,"Simulated Raltegravir (Raltegravir 800 mg (lactose formulation))","Raltegravir (Raltegravir 800 mg (lactose formulation))","Organism|PeripheralVenousBlood|Raltegravir|Plasma (Peripheral Venous Blood)"
23.5,48.6037680391133,"Simulated Raltegravir (Raltegravir 800 mg (lactose formulation))","Raltegravir (Raltegravir 800 mg (lactose formulation))","Organism|PeripheralVenousBlood|Raltegravir|Plasma (Peripheral Venous Blood)"
23.75,47.5548092774324,"Simulated Raltegravir (Raltegravir 800 mg (lactose formulation))","Raltegravir (Raltegravir 800 mg (lactose formulation))","Organism|PeripheralVenousBlood|Raltegravir|Plasma (Peripheral Venous Blood)"
24,46.5344324442252,"Simulated Raltegravir (Raltegravir 800 mg (lactose formulation))","Raltegravir (Raltegravir 800 mg (lactose formulation))","Organism|PeripheralVenousBlood|Raltegravir|Plasma (Peripheral Venous Blood)"
24.25,45.5416938590452,"Simulated Raltegravir (Raltegravir 800 mg (lactose formulation))","Raltegravir (Raltegravir 800 mg (lactose formulation))","Organism|PeripheralVenousBlood|Raltegravir|Plasma (Peripheral Venous Blood)"
24.5,44.5756200410105,"Simulated Raltegravir (Raltegravir 800 mg (lactose formulation))","Raltegravir (Raltegravir 800 mg (lactose formulation))","Organism|PeripheralVenousBlood|Raltegravir|Plasma (Peripheral Venous Blood)"
24.75,43.6353533998206,"Simulated Raltegravir (Raltegravir 800 mg (lactose formulation))","Raltegravir (Raltegravir 800 mg (lactose formulation))","Organism|PeripheralVenousBlood|Raltegravir|Plasma (Peripheral Venous Blood)"
25,42.7199999224208,"Simulated Raltegravir (Raltegravir 800 mg (lactose formulation))","Raltegravir (Raltegravir 800 mg (lactose formulation))","Organism|PeripheralVenousBlood|Raltegravir|Plasma (Peripheral Venous Blood)"
25.25,41.8287318189457,"Simulated Raltegravir (Raltegravir 800 mg (lactose formulation))","Raltegravir (Raltegravir 800 mg (lactose formulation))","Organism|PeripheralVenousBlood|Raltegravir|Plasma (Peripheral Venous Blood)"
25.5,40.9607577222839,"Simulated Raltegravir (Raltegravir 800 mg (lactose formulation))","Raltegravir (Raltegravir 800 mg (lactose formulation))","Organism|PeripheralVenousBlood|Raltegravir|Plasma (Peripheral Venous Blood)"
25.75,40.1152961988024,"Simulated Raltegravir (Raltegravir 800 mg (lactose formulation))","Raltegravir (Raltegravir 800 mg (lactose formulation))","Organism|PeripheralVenousBlood|Raltegravir|Plasma (Peripheral Venous Blood)"
26,39.2916088599414,"Simulated Raltegravir (Raltegravir 800 mg (lactose formulation))","Raltegravir (Raltegravir 800 mg (lactose formulation))","Organism|PeripheralVenousBlood|Raltegravir|Plasma (Peripheral Venous Blood)"
26.25,38.4889804952569,"Simulated Raltegravir (Raltegravir 800 mg (lactose formulation))","Raltegravir (Raltegravir 800 mg (lactose formulation))","Organism|PeripheralVenousBlood|Raltegravir|Plasma (Peripheral Venous Blood)"
26.5,37.7067223835811,"Simulated Raltegravir (Raltegravir 800 mg (lactose formulation))","Raltegravir (Raltegravir 800 mg (lactose formulation))","Organism|PeripheralVenousBlood|Raltegravir|Plasma (Peripheral Venous Blood)"
26.75,36.9441656707026,"Simulated Raltegravir (Raltegravir 800 mg (lactose formulation))","Raltegravir (Raltegravir 800 mg (lactose formulation))","Organism|PeripheralVenousBlood|Raltegravir|Plasma (Peripheral Venous Blood)"
27,36.2006845474832,"Simulated Raltegravir (Raltegravir 800 mg (lactose formulation))","Raltegravir (Raltegravir 800 mg (lactose formulation))","Organism|PeripheralVenousBlood|Raltegravir|Plasma (Peripheral Venous Blood)"
27.25,35.4756498936251,"Simulated Raltegravir (Raltegravir 800 mg (lactose formulation))","Raltegravir (Raltegravir 800 mg (lactose formulation))","Organism|PeripheralVenousBlood|Raltegravir|Plasma (Peripheral Venous Blood)"
27.5,34.7684690115847,"Simulated Raltegravir (Raltegravir 800 mg (lactose formulation))","Raltegravir (Raltegravir 800 mg (lactose formulation))","Organism|PeripheralVenousBlood|Raltegravir|Plasma (Peripheral Venous Blood)"
27.75,34.078575693094,"Simulated Raltegravir (Raltegravir 800 mg (lactose formulation))","Raltegravir (Raltegravir 800 mg (lactose formulation))","Organism|PeripheralVenousBlood|Raltegravir|Plasma (Peripheral Venous Blood)"
28,33.4054169745229,"Simulated Raltegravir (Raltegravir 800 mg (lactose formulation))","Raltegravir (Raltegravir 800 mg (lactose formulation))","Organism|PeripheralVenousBlood|Raltegravir|Plasma (Peripheral Venous Blood)"
28.25,32.7484597591981,"Simulated Raltegravir (Raltegravir 800 mg (lactose formulation))","Raltegravir (Raltegravir 800 mg (lactose formulation))","Organism|PeripheralVenousBlood|Raltegravir|Plasma (Peripheral Venous Blood)"
28.5,32.1071941285625,"Simulated Raltegravir (Raltegravir 800 mg (lactose formulation))","Raltegravir (Raltegravir 800 mg (lactose formulation))","Organism|PeripheralVenousBlood|Raltegravir|Plasma (Peripheral Venous Blood)"
28.75,31.4811267198563,"Simulated Raltegravir (Raltegravir 800 mg (lactose formulation))","Raltegravir (Raltegravir 800 mg (lactose formulation))","Organism|PeripheralVenousBlood|Raltegravir|Plasma (Peripheral Venous Blood)"
29,30.8697840372764,"Simulated Raltegravir (Raltegravir 800 mg (lactose formulation))","Raltegravir (Raltegravir 800 mg (lactose formulation))","Organism|PeripheralVenousBlood|Raltegravir|Plasma (Peripheral Venous Blood)"
29.25,30.2727058296576,"Simulated Raltegravir (Raltegravir 800 mg (lactose formulation))","Raltegravir (Raltegravir 800 mg (lactose formulation))","Organism|PeripheralVenousBlood|Raltegravir|Plasma (Peripheral Venous Blood)"
29.5,29.6894517127916,"Simulated Raltegravir (Raltegravir 800 mg (lactose formulation))","Raltegravir (Raltegravir 800 mg (lactose formulation))","Organism|PeripheralVenousBlood|Raltegravir|Plasma (Peripheral Venous Blood)"
29.75,29.1196044805862,"Simulated Raltegravir (Raltegravir 800 mg (lactose formulation))","Raltegravir (Raltegravir 800 mg (lactose formulation))","Organism|PeripheralVenousBlood|Raltegravir|Plasma (Peripheral Venous Blood)"
30,28.5627469269492,"Simulated Raltegravir (Raltegravir 800 mg (lactose formulation))","Raltegravir (Raltegravir 800 mg (lactose formulation))","Organism|PeripheralVenousBlood|Raltegravir|Plasma (Peripheral Venous Blood)"
30.25,28.018488335064,"Simulated Raltegravir (Raltegravir 800 mg (lactose formulation))","Raltegravir (Raltegravir 800 mg (lactose formulation))","Organism|PeripheralVenousBlood|Raltegravir|Plasma (Peripheral Venous Blood)"
30.5,27.4864512327522,"Simulated Raltegravir (Raltegravir 800 mg (lactose formulation))","Raltegravir (Raltegravir 800 mg (lactose formulation))","Organism|PeripheralVenousBlood|Raltegravir|Plasma (Peripheral Venous Blood)"
30.75,26.9662614589944,"Simulated Raltegravir (Raltegravir 800 mg (lactose formulation))","Raltegravir (Raltegravir 800 mg (lactose formulation))","Organism|PeripheralVenousBlood|Raltegravir|Plasma (Peripheral Venous Blood)"
31,26.4575779643662,"Simulated Raltegravir (Raltegravir 800 mg (lactose formulation))","Raltegravir (Raltegravir 800 mg (lactose formulation))","Organism|PeripheralVenousBlood|Raltegravir|Plasma (Peripheral Venous Blood)"
31.25,25.9600580438632,"Simulated Raltegravir (Raltegravir 800 mg (lactose formulation))","Raltegravir (Raltegravir 800 mg (lactose formulation))","Organism|PeripheralVenousBlood|Raltegravir|Plasma (Peripheral Venous Blood)"
31.5,25.4733738926988,"Simulated Raltegravir (Raltegravir 800 mg (lactose formulation))","Raltegravir (Raltegravir 800 mg (lactose formulation))","Organism|PeripheralVenousBlood|Raltegravir|Plasma (Peripheral Venous Blood)"
31.75,24.997217573043,"Simulated Raltegravir (Raltegravir 800 mg (lactose formulation))","Raltegravir (Raltegravir 800 mg (lactose formulation))","Organism|PeripheralVenousBlood|Raltegravir|Plasma (Peripheral Venous Blood)"
32,24.5312728691671,"Simulated Raltegravir (Raltegravir 800 mg (lactose formulation))","Raltegravir (Raltegravir 800 mg (lactose formulation))","Organism|PeripheralVenousBlood|Raltegravir|Plasma (Peripheral Venous Blood)"
32.25,24.0752616436765,"Simulated Raltegravir (Raltegravir 800 mg (lactose formulation))","Raltegravir (Raltegravir 800 mg (lactose formulation))","Organism|PeripheralVenousBlood|Raltegravir|Plasma (Peripheral Venous Blood)"
32.5,23.6288941701181,"Simulated Raltegravir (Raltegravir 800 mg (lactose formulation))","Raltegravir (Raltegravir 800 mg (lactose formulation))","Organism|PeripheralVenousBlood|Raltegravir|Plasma (Peripheral Venous Blood)"
32.75,23.1919039001554,"Simulated Raltegravir (Raltegravir 800 mg (lactose formulation))","Raltegravir (Raltegravir 800 mg (lactose formulation))","Organism|PeripheralVenousBlood|Raltegravir|Plasma (Peripheral Venous Blood)"
33,22.7640292521909,"Simulated Raltegravir (Raltegravir 800 mg (lactose formulation))","Raltegravir (Raltegravir 800 mg (lactose formulation))","Organism|PeripheralVenousBlood|Raltegravir|Plasma (Peripheral Venous Blood)"
33.25,22.3450202336851,"Simulated Raltegravir (Raltegravir 800 mg (lactose formulation))","Raltegravir (Raltegravir 800 mg (lactose formulation))","Organism|PeripheralVenousBlood|Raltegravir|Plasma (Peripheral Venous Blood)"
33.5,21.9346334744178,"Simulated Raltegravir (Raltegravir 800 mg (lactose formulation))","Raltegravir (Raltegravir 800 mg (lactose formulation))","Organism|PeripheralVenousBlood|Raltegravir|Plasma (Peripheral Venous Blood)"
33.75,21.5326355376467,"Simulated Raltegravir (Raltegravir 800 mg (lactose formulation))","Raltegravir (Raltegravir 800 mg (lactose formulation))","Organism|PeripheralVenousBlood|Raltegravir|Plasma (Peripheral Venous Blood)"
34,21.1388029201083,"Simulated Raltegravir (Raltegravir 800 mg (lactose formulation))","Raltegravir (Raltegravir 800 mg (lactose formulation))","Organism|PeripheralVenousBlood|Raltegravir|Plasma (Peripheral Venous Blood)"
34.25,20.752917085278,"Simulated Raltegravir (Raltegravir 800 mg (lactose formulation))","Raltegravir (Raltegravir 800 mg (lactose formulation))","Organism|PeripheralVenousBlood|Raltegravir|Plasma (Peripheral Venous Blood)"
34.5,20.3747710856896,"Simulated Raltegravir (Raltegravir 800 mg (lactose formulation))","Raltegravir (Raltegravir 800 mg (lactose formulation))","Organism|PeripheralVenousBlood|Raltegravir|Plasma (Peripheral Venous Blood)"
34.75,20.0041645961955,"Simulated Raltegravir (Raltegravir 800 mg (lactose formulation))","Raltegravir (Raltegravir 800 mg (lactose formulation))","Organism|PeripheralVenousBlood|Raltegravir|Plasma (Peripheral Venous Blood)"
35,19.6408989472281,"Simulated Raltegravir (Raltegravir 800 mg (lactose formulation))","Raltegravir (Raltegravir 800 mg (lactose formulation))","Organism|PeripheralVenousBlood|Raltegravir|Plasma (Peripheral Venous Blood)"
35.25,19.284792025017,"Simulated Raltegravir (Raltegravir 800 mg (lactose formulation))","Raltegravir (Raltegravir 800 mg (lactose formulation))","Organism|PeripheralVenousBlood|Raltegravir|Plasma (Peripheral Venous Blood)"
35.5,18.9356584046323,"Simulated Raltegravir (Raltegravir 800 mg (lactose formulation))","Raltegravir (Raltegravir 800 mg (lactose formulation))","Organism|PeripheralVenousBlood|Raltegravir|Plasma (Peripheral Venous Blood)"
35.75,18.5933292169414,"Simulated Raltegravir (Raltegravir 800 mg (lactose formulation))","Raltegravir (Raltegravir 800 mg (lactose formulation))","Organism|PeripheralVenousBlood|Raltegravir|Plasma (Peripheral Venous Blood)"
36,18.2576306260727,"Simulated Raltegravir (Raltegravir 800 mg (lactose formulation))","Raltegravir (Raltegravir 800 mg (lactose formulation))","Organism|PeripheralVenousBlood|Raltegravir|Plasma (Peripheral Venous Blood)"
36.25,17.9284070075314,"Simulated Raltegravir (Raltegravir 800 mg (lactose formulation))","Raltegravir (Raltegravir 800 mg (lactose formulation))","Organism|PeripheralVenousBlood|Raltegravir|Plasma (Peripheral Venous Blood)"
36.5,17.6054944589242,"Simulated Raltegravir (Raltegravir 800 mg (lactose formulation))","Raltegravir (Raltegravir 800 mg (lactose formulation))","Organism|PeripheralVenousBlood|Raltegravir|Plasma (Peripheral Venous Blood)"
36.75,17.288745633655,"Simulated Raltegravir (Raltegravir 800 mg (lactose formulation))","Raltegravir (Raltegravir 800 mg (lactose formulation))","Organism|PeripheralVenousBlood|Raltegravir|Plasma (Peripheral Venous Blood)"
37,16.9780131851278,"Simulated Raltegravir (Raltegravir 800 mg (lactose formulation))","Raltegravir (Raltegravir 800 mg (lactose formulation))","Organism|PeripheralVenousBlood|Raltegravir|Plasma (Peripheral Venous Blood)"
37.25,16.6731580446452,"Simulated Raltegravir (Raltegravir 800 mg (lactose formulation))","Raltegravir (Raltegravir 800 mg (lactose formulation))","Organism|PeripheralVenousBlood|Raltegravir|Plasma (Peripheral Venous Blood)"
37.5,16.3740427990895,"Simulated Raltegravir (Raltegravir 800 mg (lactose formulation))","Raltegravir (Raltegravir 800 mg (lactose formulation))","Organism|PeripheralVenousBlood|Raltegravir|Plasma (Peripheral Venous Blood)"
37.75,16.0805283797633,"Simulated Raltegravir (Raltegravir 800 mg (lactose formulation))","Raltegravir (Raltegravir 800 mg (lactose formulation))","Organism|PeripheralVenousBlood|Raltegravir|Plasma (Peripheral Venous Blood)"
38,15.7924972405057,"Simulated Raltegravir (Raltegravir 800 mg (lactose formulation))","Raltegravir (Raltegravir 800 mg (lactose formulation))","Organism|PeripheralVenousBlood|Raltegravir|Plasma (Peripheral Venous Blood)"
38.25,15.5098219016775,"Simulated Raltegravir (Raltegravir 800 mg (lactose formulation))","Raltegravir (Raltegravir 800 mg (lactose formulation))","Organism|PeripheralVenousBlood|Raltegravir|Plasma (Peripheral Venous Blood)"
38.5,15.2323815059584,"Simulated Raltegravir (Raltegravir 800 mg (lactose formulation))","Raltegravir (Raltegravir 800 mg (lactose formulation))","Organism|PeripheralVenousBlood|Raltegravir|Plasma (Peripheral Venous Blood)"
38.75,14.9600618183468,"Simulated Raltegravir (Raltegravir 800 mg (lactose formulation))","Raltegravir (Raltegravir 800 mg (lactose formulation))","Organism|PeripheralVenousBlood|Raltegravir|Plasma (Peripheral Venous Blood)"
39,14.6927452926818,"Simulated Raltegravir (Raltegravir 800 mg (lactose formulation))","Raltegravir (Raltegravir 800 mg (lactose formulation))","Organism|PeripheralVenousBlood|Raltegravir|Plasma (Peripheral Venous Blood)"
39.25,14.4303342497595,"Simulated Raltegravir (Raltegravir 800 mg (lactose formulation))","Raltegravir (Raltegravir 800 mg (lactose formulation))","Organism|PeripheralVenousBlood|Raltegravir|Plasma (Peripheral Venous Blood)"
39.5,14.172716110158,"Simulated Raltegravir (Raltegravir 800 mg (lactose formulation))","Raltegravir (Raltegravir 800 mg (lactose formulation))","Organism|PeripheralVenousBlood|Raltegravir|Plasma (Peripheral Venous Blood)"
39.75,13.9197898835137,"Simulated Raltegravir (Raltegravir 800 mg (lactose formulation))","Raltegravir (Raltegravir 800 mg (lactose formulation))","Organism|PeripheralVenousBlood|Raltegravir|Plasma (Peripheral Venous Blood)"
40,13.6714545794632,"Simulated Raltegravir (Raltegravir 800 mg (lactose formulation))","Raltegravir (Raltegravir 800 mg (lactose formulation))","Organism|PeripheralVenousBlood|Raltegravir|Plasma (Peripheral Venous Blood)"
40.25,13.4276207967009,"Simulated Raltegravir (Raltegravir 800 mg (lactose formulation))","Raltegravir (Raltegravir 800 mg (lactose formulation))","Organism|PeripheralVenousBlood|Raltegravir|Plasma (Peripheral Venous Blood)"
40.5,13.1881867170734,"Simulated Raltegravir (Raltegravir 800 mg (lactose formulation))","Raltegravir (Raltegravir 800 mg (lactose formulation))","Organism|PeripheralVenousBlood|Raltegravir|Plasma (Peripheral Venous Blood)"
40.75,12.9530687338043,"Simulated Raltegravir (Raltegravir 800 mg (lactose formulation))","Raltegravir (Raltegravir 800 mg (lactose formulation))","Organism|PeripheralVenousBlood|Raltegravir|Plasma (Peripheral Venous Blood)"
41,12.7221807567475,"Simulated Raltegravir (Raltegravir 800 mg (lactose formulation))","Raltegravir (Raltegravir 800 mg (lactose formulation))","Organism|PeripheralVenousBlood|Raltegravir|Plasma (Peripheral Venous Blood)"
41.25,12.4954267622787,"Simulated Raltegravir (Raltegravir 800 mg (lactose formulation))","Raltegravir (Raltegravir 800 mg (lactose formulation))","Organism|PeripheralVenousBlood|Raltegravir|Plasma (Peripheral Venous Blood)"
41.5,12.2727339048898,"Simulated Raltegravir (Raltegravir 800 mg (lactose formulation))","Raltegravir (Raltegravir 800 mg (lactose formulation))","Organism|PeripheralVenousBlood|Raltegravir|Plasma (Peripheral Venous Blood)"
41.75,12.0540185778042,"Simulated Raltegravir (Raltegravir 800 mg (lactose formulation))","Raltegravir (Raltegravir 800 mg (lactose formulation))","Organism|PeripheralVenousBlood|Raltegravir|Plasma (Peripheral Venous Blood)"
42,11.839201313195,"Simulated Raltegravir (Raltegravir 800 mg (lactose formulation))","Raltegravir (Raltegravir 800 mg (lactose formulation))","Organism|PeripheralVenousBlood|Raltegravir|Plasma (Peripheral Venous Blood)"
42.25,11.6282100933438,"Simulated Raltegravir (Raltegravir 800 mg (lactose formulation))","Raltegravir (Raltegravir 800 mg (lactose formulation))","Organism|PeripheralVenousBlood|Raltegravir|Plasma (Peripheral Venous Blood)"
42.5,11.4209613114743,"Simulated Raltegravir (Raltegravir 800 mg (lactose formulation))","Raltegravir (Raltegravir 800 mg (lactose formulation))","Organism|PeripheralVenousBlood|Raltegravir|Plasma (Peripheral Venous Blood)"
42.75,11.2173920555565,"Simulated Raltegravir (Raltegravir 800 mg (lactose formulation))","Raltegravir (Raltegravir 800 mg (lactose formulation))","Organism|PeripheralVenousBlood|Raltegravir|Plasma (Peripheral Venous Blood)"
43,11.0174311356623,"Simulated Raltegravir (Raltegravir 800 mg (lactose formulation))","Raltegravir (Raltegravir 800 mg (lactose formulation))","Organism|PeripheralVenousBlood|Raltegravir|Plasma (Peripheral Venous Blood)"
43.25,10.8210032229137,"Simulated Raltegravir (Raltegravir 800 mg (lactose formulation))","Raltegravir (Raltegravir 800 mg (lactose formulation))","Organism|PeripheralVenousBlood|Raltegravir|Plasma (Peripheral Venous Blood)"
43.5,10.6280470608607,"Simulated Raltegravir (Raltegravir 800 mg (lactose formulation))","Raltegravir (Raltegravir 800 mg (lactose formulation))","Organism|PeripheralVenousBlood|Raltegravir|Plasma (Peripheral Venous Blood)"
43.75,10.4384989096837,"Simulated Raltegravir (Raltegravir 800 mg (lactose formulation))","Raltegravir (Raltegravir 800 mg (lactose formulation))","Organism|PeripheralVenousBlood|Raltegravir|Plasma (Peripheral Venous Blood)"
44,10.2522884072442,"Simulated Raltegravir (Raltegravir 800 mg (lactose formulation))","Raltegravir (Raltegravir 800 mg (lactose formulation))","Organism|PeripheralVenousBlood|Raltegravir|Plasma (Peripheral Venous Blood)"
44.25,10.0693576082515,"Simulated Raltegravir (Raltegravir 800 mg (lactose formulation))","Raltegravir (Raltegravir 800 mg (lactose formulation))","Organism|PeripheralVenousBlood|Raltegravir|Plasma (Peripheral Venous Blood)"
44.5,9.88964939520489,"Simulated Raltegravir (Raltegravir 800 mg (lactose formulation))","Raltegravir (Raltegravir 800 mg (lactose formulation))","Organism|PeripheralVenousBlood|Raltegravir|Plasma (Peripheral Venous Blood)"
44.75,9.71310002828482,"Simulated Raltegravir (Raltegravir 800 mg (lactose formulation))","Raltegravir (Raltegravir 800 mg (lactose formulation))","Organism|PeripheralVenousBlood|Raltegravir|Plasma (Peripheral Venous Blood)"
45,9.53965404557027,"Simulated Raltegravir (Raltegravir 800 mg (lactose formulation))","Raltegravir (Raltegravir 800 mg (lactose formulation))","Organism|PeripheralVenousBlood|Raltegravir|Plasma (Peripheral Venous Blood)"
45.25,9.36925515735038,"Simulated Raltegravir (Raltegravir 800 mg (lactose formulation))","Raltegravir (Raltegravir 800 mg (lactose formulation))","Organism|PeripheralVenousBlood|Raltegravir|Plasma (Peripheral Venous Blood)"
45.5,9.20184376275483,"Simulated Raltegravir (Raltegravir 800 mg (lactose formulation))","Raltegravir (Raltegravir 800 mg (lactose formulation))","Organism|PeripheralVenousBlood|Raltegravir|Plasma (Peripheral Venous Blood)"
45.75,9.03737433334105,"Simulated Raltegravir (Raltegravir 800 mg (lactose formulation))","Raltegravir (Raltegravir 800 mg (lactose formulation))","Organism|PeripheralVenousBlood|Raltegravir|Plasma (Peripheral Venous Blood)"
46,8.87578892381843,"Simulated Raltegravir (Raltegravir 800 mg (lactose formulation))","Raltegravir (Raltegravir 800 mg (lactose formulation))","Organism|PeripheralVenousBlood|Raltegravir|Plasma (Peripheral Venous Blood)"
46.25,8.7170345556356,"Simulated Raltegravir (Raltegravir 800 mg (lactose formulation))","Raltegravir (Raltegravir 800 mg (lactose formulation))","Organism|PeripheralVenousBlood|Raltegravir|Plasma (Peripheral Venous Blood)"
46.5,8.56106238919049,"Simulated Raltegravir (Raltegravir 800 mg (lactose formulation))","Raltegravir (Raltegravir 800 mg (lactose formulation))","Organism|PeripheralVenousBlood|Raltegravir|Plasma (Peripheral Venous Blood)"
46.75,8.40782772383038,"Simulated Raltegravir (Raltegravir 800 mg (lactose formulation))","Raltegravir (Raltegravir 800 mg (lactose formulation))","Organism|PeripheralVenousBlood|Raltegravir|Plasma (Peripheral Venous Blood)"
47,8.257276753214,"Simulated Raltegravir (Raltegravir 800 mg (lactose formulation))","Raltegravir (Raltegravir 800 mg (lactose formulation))","Organism|PeripheralVenousBlood|Raltegravir|Plasma (Peripheral Venous Blood)"
47.25,8.10936229331903,"Simulated Raltegravir (Raltegravir 800 mg (lactose formulation))","Raltegravir (Raltegravir 800 mg (lactose formulation))","Organism|PeripheralVenousBlood|Raltegravir|Plasma (Peripheral Venous Blood)"
47.5,7.96404212686233,"Simulated Raltegravir (Raltegravir 800 mg (lactose formulation))","Raltegravir (Raltegravir 800 mg (lactose formulation))","Organism|PeripheralVenousBlood|Raltegravir|Plasma (Peripheral Venous Blood)"
47.75,7.82126906982157,"Simulated Raltegravir (Raltegravir 800 mg (lactose formulation))","Raltegravir (Raltegravir 800 mg (lactose formulation))","Organism|PeripheralVenousBlood|Raltegravir|Plasma (Peripheral Venous Blood)"
48,7.68099842154402,"Simulated Raltegravir (Raltegravir 800 mg (lactose formulation))","Raltegravir (Raltegravir 800 mg (lactose formulation))","Organism|PeripheralVenousBlood|Raltegravir|Plasma (Peripheral Venous Blood)"
48.25,7.54318465358708,"Simulated Raltegravir (Raltegravir 800 mg (lactose formulation))","Raltegravir (Raltegravir 800 mg (lactose formulation))","Organism|PeripheralVenousBlood|Raltegravir|Plasma (Peripheral Venous Blood)"
48.5,7.40778389308788,"Simulated Raltegravir (Raltegravir 800 mg (lactose formulation))","Raltegravir (Raltegravir 800 mg (lactose formulation))","Organism|PeripheralVenousBlood|Raltegravir|Plasma (Peripheral Venous Blood)"
48.75,7.27476633961126,"Simulated Raltegravir (Raltegravir 800 mg (lactose formulation))","Raltegravir (Raltegravir 800 mg (lactose formulation))","Organism|PeripheralVenousBlood|Raltegravir|Plasma (Peripheral Venous Blood)"
49,7.14407653123625,"Simulated Raltegravir (Raltegravir 800 mg (lactose formulation))","Raltegravir (Raltegravir 800 mg (lactose formulation))","Organism|PeripheralVenousBlood|Raltegravir|Plasma (Peripheral Venous Blood)"
49.25,7.01568052857835,"Simulated Raltegravir (Raltegravir 800 mg (lactose formulation))","Raltegravir (Raltegravir 800 mg (lactose formulation))","Organism|PeripheralVenousBlood|Raltegravir|Plasma (Peripheral Venous Blood)"
49.5,6.88954149498856,"Simulated Raltegravir (Raltegravir 800 mg (lactose formulation))","Raltegravir (Raltegravir 800 mg (lactose formulation))","Organism|PeripheralVenousBlood|Raltegravir|Plasma (Peripheral Venous Blood)"
49.75,6.76561597149894,"Simulated Raltegravir (Raltegravir 800 mg (lactose formulation))","Raltegravir (Raltegravir 800 mg (lactose formulation))","Organism|PeripheralVenousBlood|Raltegravir|Plasma (Peripheral Venous Blood)"
50,6.64386794925034,"Simulated Raltegravir (Raltegravir 800 mg (lactose formulation))","Raltegravir (Raltegravir 800 mg (lactose formulation))","Organism|PeripheralVenousBlood|Raltegravir|Plasma (Peripheral Venous Blood)"
